"Old","New"
"अच्छे बनो प्रथम पृष्ठ.html","अच्छे बनो.html"
"अध्यात्मविषयक पत्र प्रथम पृष्ठ.html","अध्यात्मविषयक पत्र.html"
"अनन्यभक्ति कैसे प्राप्त हो प्रथम पृष्ठ.html","अनन्यभक्ति कैसे प्राप्त हो.html"
"अनुराग पदावली प्रथम पृष्ठ.html","अनुराग पदावली.html"
"अनुस्मृति प्रथम पृष्ठ.html","अनुस्मृति.html"
"अन्त्यकर्म श्राद्धप्रकाश प्रथम पृष्ठ.html","अन्त्यकर्म श्राद्धप्रकाश.html"
"अपात्रको भी भगवत्प्राप्ति प्रथम पृष्ठ.html","अपात्रको भी भगवत्प्राप्ति.html"
"अमरता की ओर प्रथम पृष्ठ.html","अमरता की ओर.html"
"अमूल्य वचन प्रथम पृष्ठ.html","अमूल्य वचन.html"
"अमूल्य शिक्षा प्रथम पृष्ठ.html","अमूल्य शिक्षा.html"
"अमूल्य समय का सदुपयोग प्रथम पृष्ठ.html","अमूल्य समय का सदुपयोग.html"
"अमृत कण प्रथम पृष्ठ.html","अमृत कण.html"
"अमृत के घूँट प्रथम पृष्ठ.html","अमृत के घूँट.html"
"अमृत बिन्दु प्रथम पृष्ठ.html","अमृत बिन्दु.html"
"अमृत वचन प्रथम पृष्ठ.html","अमृत वचन.html"
"अवतार का सिद्धान्त प्रथम पृष्ठ.html","अवतार का सिद्धान्त.html"
"असीम नीचता और असीम साधुता प्रथम पृष्ठ.html","असीम नीचता और असीम साधुता.html"
"आचार्य के सदुपेदश प्रथम पृष्ठ.html","आचार्य के सदुपेदश.html"
"आत्मकल्याण के विविध उपाय प्रथम पृष्ठ.html","आत्मकल्याण के विविध उपाय.html"
"आत्मोद्धारके सरल उपाय प्रथम पृष्ठ.html","आत्मोद्धारके सरल उपाय.html"
"आत्मोद्धारके साधन प्रथम पृष्ठ.html","आत्मोद्धारके साधन.html"
"आदर्श उपकार प्रथम पृष्ठ.html","आदर्श उपकार.html"
"आदर्श देवियाँ प्रथम पृष्ठ.html","आदर्श देवियाँ.html"
"आदर्श नारी सुशीला प्रथम पृष्ठ.html","आदर्श नारी सुशीला.html"
"आदर्श भक्त प्रथम पृष्ठ.html","आदर्श भक्त.html"
"आदर्श भ्रातृ प्रेम प्रथम पृष्ठ (1).html","आदर्श भ्रातृ प्रेम (1).html"
"आदर्श भ्रातृ प्रेम प्रथम पृष्ठ.html","आदर्श भ्रातृ प्रेम.html"
"आदर्श मानव हृदय प्रथम पृष्ठ.html","आदर्श मानव हृदय.html"
"आध्यात्मिक कहानियाँ प्रथम पृष्ठ.html","आध्यात्मिक कहानियाँ.html"
"आध्यात्मिक प्रवचन प्रथम पृष्ठ.html","आध्यात्मिक प्रवचन.html"
"आनन्द का स्वरूप प्रथम पृष्ठ.html","आनन्द का स्वरूप.html"
"आनन्द की लहरें प्रथम पृष्ठ.html","आनन्द की लहरें.html"
"आनन्द कैसे मिले प्रथम पृष्ठ.html","आनन्द कैसे मिले.html"
"आनन्द मार्ग प्रथम पृष्ठ.html","आनन्द मार्ग.html"
"आनन्दमय जीवन प्रथम पृष्ठ.html","आनन्दमय जीवन.html"
"आवश्यक शिक्षा प्रथम पृष्ठ.html","आवश्यक शिक्षा.html"
"आवागमन से मुक्ति प्रथम पृष्ठ.html","आवागमन से मुक्ति.html"
"इसी जन्ममें परमात्मप्राप्ति प्रथम पृष्ठ.html","इसी जन्ममें परमात्मप्राप्ति.html"
"ईश्वर और संसार प्रथम पृष्ठ.html","ईश्वर और संसार.html"
"ईश्वर की सत्ता और महत्ता प्रथम पृष्ठ.html","ईश्वर की सत्ता और महत्ता.html"
"ईश्वर दयालु और न्यायकारी है प्रथम पृष्ठ.html","ईश्वर दयालु और न्यायकारी है.html"
"ईश्वर प्रथम पृष्ठ.html","ईश्वर.html"
"ईश्वरसाक्षात्कार के लिये नाम-जप सर्वोपरि साधन है प्रथम पृष्ठ.html","ईश्वरसाक्षात्कार के लिये नाम-जप सर्वोपरि साधन है.html"
"उद्धव संदेश प्रथम पृष्ठ.html","उद्धव संदेश.html"
"उद्धार कैसे हो प्रथम पृष्ठ.html","उद्धार कैसे हो.html"
"उपनिषदों के चौदह रत्न प्रथम पृष्ठ.html","उपनिषदों के चौदह रत्न.html"
"एक नयी बात प्रथम पृष्ठ.html","एक नयी बात.html"
"एक महात्मा का प्रसाद प्रथम पृष्ठ.html","एक महात्मा का प्रसाद.html"
"एक महापुरुषके अनुभवकी बातें प्रथम पृष्ठ.html","एक महापुरुषके अनुभवकी बातें.html"
"एक लोटा पानी प्रथम पृष्ठ.html","एक लोटा पानी.html"
"एक संत की वसीयत प्रथम पृष्ठ (1).html","एक संत की वसीयत (1).html"
"एक संत की वसीयत प्रथम पृष्ठ.html","एक संत की वसीयत.html"
"एकादशी व्रत का माहात्म्य प्रथम पृष्ठ.html","एकादशी व्रत का माहात्म्य.html"
"एकै साधै सब सधै प्रथम पृष्ठ.html","एकै साधै सब सधै.html"
"कर्णवास का सत्संग प्रथम पृष्ठ.html","कर्णवास का सत्संग.html"
"कर्म रहस्य प्रथम पृष्ठ.html","कर्म रहस्य.html"
"कर्मयोग का तत्त्व प्रथम पृष्ठ.html","कर्मयोग का तत्त्व.html"
"कलेजे के अक्षर प्रथम पृष्ठ.html","कलेजे के अक्षर.html"
"कल्याण कुंज प्रथम पृष्ठ.html","कल्याण कुंज.html"
"कल्याण पथ प्रथम पृष्ठ.html","कल्याण पथ.html"
"कल्याण प्राप्ति के उपाय प्रथम पृष्ठ.html","कल्याण प्राप्ति के उपाय.html"
"कल्याणकारी आचरण प्रथम पृष्ठ.html","कल्याणकारी आचरण.html"
"कल्याणकारी दोहा संग्रह प्रथम पृष्ठ.html","कल्याणकारी दोहा संग्रह.html"
"कल्याणकारी प्रवचन प्रथम पृष्ठ.html","कल्याणकारी प्रवचन.html"
"कवितावली प्रथम पृष्ठ.html","कवितावली.html"
"किसान और गाय प्रथम पृष्ठ.html","किसान और गाय.html"
"क्या करें क्या न करें प्रथम पृष्ठ.html","क्या करें क्या न करें.html"
"क्या गुरु बिना मुक्ति नहीं प्रथम पृष्ठ.html","क्या गुरु बिना मुक्ति नहीं.html"
"गंगालहरी प्रथम पृष्ठ.html","गंगालहरी.html"
"गजलगीता प्रथम पृष्ठ.html","गजलगीता.html"
"गीता के परम प्रचारक प्रथम पृष्ठ.html","गीता के परम प्रचारक.html"
"गीता ज्ञान प्रवेशिका प्रथम पृष्ठ (1).html","गीता ज्ञान प्रवेशिका (1).html"
"गीता ज्ञान प्रवेशिका प्रथम पृष्ठ.html","गीता ज्ञान प्रवेशिका.html"
"गीता दर्पण प्रथम पृष्ठ.html","गीता दर्पण.html"
"गीता पढ़ने के लाभ प्रथम पृष्ठ.html","गीता पढ़ने के लाभ.html"
"गीता बाल प्रश्नोत्तरी प्रथम पृष्ठ.html","गीता बाल प्रश्नोत्तरी.html"
"गीता माधुर्य प्रथम पृष्ठ.html","गीता माधुर्य.html"
"गीता माधुर्यम् प्रथम पृष्ठ.html","गीता माधुर्यम्.html"
"गीता संग्रह प्रथम पृष्ठ.html","गीता संग्रह.html"
"गीता-निबन्धावली प्रथम पृष्ठ.html","गीता-निबन्धावली.html"
"गीतावली प्रथम पृष्ठ.html","गीतावली.html"
"गीतोक्त संन्यास या सांख्ययोग का स्वरूप प्रथम पृष्ठ.html","गीतोक्त संन्यास या सांख्ययोग का स्वरूप.html"
"गुरु और माता-पिता के भक्त बालक प्रथम पृष्ठ.html","गुरु और माता-पिता के भक्त बालक.html"
"गृहस्थमें कैसे रहें प्रथम पृष्ठ.html","गृहस्थमें कैसे रहें.html"
"गो सेवा के चमत्कार प्रथम पृष्ठ.html","गो सेवा के चमत्कार.html"
"गोपी प्रेम प्रथम पृष्ठ.html","गोपी प्रेम.html"
"गोवध भारत का कलंक प्रथम पृष्ठ.html","गोवध भारत का कलंक.html"
"चिन्ता शोक कैसे मिटें प्रथम पृष्ठ.html","चिन्ता शोक कैसे मिटें.html"
"चेतावनी और सामयिक चेतावनी प्रथम पृष्ठ.html","चेतावनी और सामयिक चेतावनी.html"
"चेतावनी पद संग्रह प्रथम पृष्ठ.html","चेतावनी पद संग्रह.html"
"चोखी कहानियाँ प्रथम पृष्ठ.html","चोखी कहानियाँ.html"
"जन्म-मरण से छुटकारा प्रथम पृष्ठ.html","जन्म-मरण से छुटकारा.html"
"जानकी मंगल प्रथम पृष्ठ.html","जानकी मंगल.html"
"जित देखूँ तित तू प्रथम पृष्ठ.html","जित देखूँ तित तू.html"
"जिन खोजा तिन पाइया प्रथम पृष्ठ.html","जिन खोजा तिन पाइया.html"
"जीवन का कर्तव्य प्रथम पृष्ठ.html","जीवन का कर्तव्य.html"
"जीवन का सत्य प्रथम पृष्ठ.html","जीवन का सत्य.html"
"जीवन में नया प्रकाश प्रथम पृष्ठ.html","जीवन में नया प्रकाश.html"
"जीवन संजीवनी प्रथम पृष्ठ.html","जीवन संजीवनी.html"
"जीवन सुधार की बातें प्रथम पृष्ठ.html","जीवन सुधार की बातें.html"
"जीवनचर्या विज्ञान प्रथम पृष्ठ.html","जीवनचर्या विज्ञान.html"
"जीवनोपयोगी कल्याण मार्ग प्रथम पृष्ठ.html","जीवनोपयोगी कल्याण मार्ग.html"
"ज्ञान के दीप जले प्रथम पृष्ठ.html","ज्ञान के दीप जले.html"
"ज्ञान मणि माला प्रथम पृष्ठ.html","ज्ञान मणि माला.html"
"ज्ञानयोग का तत्त्व प्रथम पृष्ठ.html","ज्ञानयोग का तत्त्व.html"
"तत्त्वज्ञान कैसे हो प्रथम पृष्ठ.html","तत्त्वज्ञान कैसे हो.html"
"तत्त्वविचार प्रथम पृष्ठ.html","तत्त्वविचार.html"
"तर्पण विधि प्रथम पृष्ठ.html","तर्पण विधि.html"
"तुलसी दल प्रथम पृष्ठ.html","तुलसी दल.html"
"तू ही तू प्रथम पृष्ठ.html","तू ही तू.html"
"त्याग की महिमा प्रथम पृष्ठ.html","त्याग की महिमा.html"
"त्याग से भगवत्प्राप्ति प्रथम पृष्ठ.html","त्याग से भगवत्प्राप्ति.html"
"त्रिपिण्डीश्राद्धपद्धति प्रथम पृष्ठ.html","त्रिपिण्डीश्राद्धपद्धति.html"
"दत्तात्रेय वज्र कवच प्रथम पृष्ठ.html","दत्तात्रेय वज्र कवच.html"
"दाम्पत्य जीवन का आदर्श प्रथम पृष्ठ.html","दाम्पत्य जीवन का आदर्श.html"
"दिव्य सन्देश प्रथम पृष्ठ.html","दिव्य सन्देश.html"
"दिव्य सुख की सरिता प्रथम पृष्ठ.html","दिव्य सुख की सरिता.html"
"दीन-दुखियों के प्रति कर्तव्य प्रथम पृष्ठ.html","दीन-दुखियों के प्रति कर्तव्य.html"
"दुःखोंका नाश कैसे हो प्रथम पृष्ठ.html","दुःखोंका नाश कैसे हो.html"
"दुख में भगवत्कृपा प्रथम पृष्ठ.html","दुख में भगवत्कृपा.html"
"दुर्गति से बचो प्रथम पृष्ठ.html","दुर्गति से बचो.html"
"देवर्षि नारद प्रथम पृष्ठ (1).html","देवर्षि नारद (1).html"
"देवर्षि नारद प्रथम पृष्ठ.html","देवर्षि नारद.html"
"देश की वर्तमान दशा तथा उसका परिणाम प्रथम पृष्ठ.html","देश की वर्तमान दशा तथा उसका परिणाम.html"
"दैनिक कल्याण सूत्र प्रथम पृष्ठ.html","दैनिक कल्याण सूत्र.html"
"दोहावली प्रथम पृष्ठ.html","दोहावली.html"
"धर्म के नाम पर पाप प्रथम पृष्ठ.html","धर्म के नाम पर पाप.html"
"धर्मसे लाभ और अधर्म से हानि प्रथम पृष्ठ.html","धर्मसे लाभ और अधर्म से हानि.html"
"ध्यान और मानसिक पूजा प्रथम पृष्ठ.html","ध्यान और मानसिक पूजा.html"
"ध्यानावस्था में प्रभु से वार्तालाप प्रथम पृष्ठ.html","ध्यानावस्था में प्रभु से वार्तालाप.html"
"नल दमयन्ती प्रथम पृष्ठ.html","नल दमयन्ती.html"
"नवधा भक्ति प्रथम पृष्ठ.html","नवधा भक्ति.html"
"नाम जप की महिमा प्रथम पृष्ठ.html","नाम जप की महिमा.html"
"नारद भक्ति सूत्र प्रथम पृष्ठ.html","नारद भक्ति सूत्र.html"
"नारी धर्म प्रथम पृष्ठ.html","नारी धर्म.html"
"नित्ययोग की प्राप्ति प्रथम पृष्ठ.html","नित्ययोग की प्राप्ति.html"
"निष्काम श्रद्धा और प्रेम प्रथम पृष्ठ.html","निष्काम श्रद्धा और प्रेम.html"
"निष्कामभाव से भगवत्प्राप्ति प्रथम पृष्ठ.html","निष्कामभाव से भगवत्प्राप्ति.html"
"नेत्रों में भगवान् को बसा लें प्रथम पृष्ठ.html","नेत्रों में भगवान् को बसा लें.html"
"नैवेद्य प्रथम पृष्ठ.html","नैवेद्य.html"
"पंचदेव अथर्वशीर्ष संग्रह प्रथम पृष्ठ.html","पंचदेव अथर्वशीर्ष संग्रह.html"
"परम पिता से प्रार्थना प्रथम पृष्ठ.html","परम पिता से प्रार्थना.html"
"परम शान्ति का मार्ग प्रथम पृष्ठ.html","परम शान्ति का मार्ग.html"
"परम साधन प्रथम पृष्ठ.html","परम साधन.html"
"परम सेवा प्रथम पृष्ठ.html","परम सेवा.html"
"परमानन्द की खेती प्रथम पृष्ठ.html","परमानन्द की खेती.html"
"परमार्थ की मन्दाकिनी प्रथम पृष्ठ.html","परमार्थ की मन्दाकिनी.html"
"परमार्थ सूत्र संग्रह प्रथम पृष्ठ.html","परमार्थ सूत्र संग्रह.html"
"परलोक और पुनर्जन्मकी सत्य घटनाएँ प्रथम पृष्ठ.html","परलोक और पुनर्जन्मकी सत्य घटनाएँ.html"
"परोपकार और सच्चाई का फल प्रथम पृष्ठ.html","परोपकार और सच्चाई का फल.html"
"पाण्डवगीता प्रथम पृष्ठ.html","पाण्डवगीता.html"
"पातञ्जलयोगदर्शन प्रथम पृष्ठ.html","पातञ्जलयोगदर्शन.html"
"पातञ्जलयोगप्रदीप प्रथम पृष्ठ.html","पातञ्जलयोगप्रदीप.html"
"पारमार्थिक पत्र प्रथम पृष्ठ.html","पारमार्थिक पत्र.html"
"पार्वती मंगल प्रथम पृष्ठ.html","पार्वती मंगल.html"
"पिता की सीख प्रथम पृष्ठ.html","पिता की सीख.html"
"पूजा के फूल प्रथम पृष्ठ.html","पूजा के फूल.html"
"पौराणिक कथाएँ प्रथम पृष्ठ.html","पौराणिक कथाएँ.html"
"प्रतिकूलता में प्रसन्नता प्रथम पृष्ठ.html","प्रतिकूलता में प्रसन्नता.html"
"प्रत्यक्ष भगवद्दर्शन के उपाय प्रथम पृष्ठ.html","प्रत्यक्ष भगवद्दर्शन के उपाय.html"
"प्रश्नोत्तर मणिमाला प्रथम पृष्ठ.html","प्रश्नोत्तर मणिमाला.html"
"प्रश्नोत्तरी प्रथम पृष्ठ.html","प्रश्नोत्तरी.html"
"प्राचीन भक्त प्रथम पृष्ठ.html","प्राचीन भक्त.html"
"प्रार्थना प्रथम पृष्ठ.html","प्रार्थना.html"
"प्रेम का सच्चा स्वरूप प्रथम पृष्ठ.html","प्रेम का सच्चा स्वरूप.html"
"प्रेम के वश में भगवान् प्रथम पृष्ठ.html","प्रेम के वश में भगवान्.html"
"प्रेम दर्शन (नारद भक्ति सूत्र की व्याख्या) प्रथम पृष्ठ.html","प्रेम दर्शन (नारद भक्ति सूत्र की व्याख्या).html"
"प्रेम में विलक्षण एकता प्रथम पृष्ठ.html","प्रेम में विलक्षण एकता.html"
"प्रेम योग प्रथम पृष्ठ.html","प्रेम योग.html"
"प्रेम सत्संग सुधा माला प्रथम पृष्ठ.html","प्रेम सत्संग सुधा माला.html"
"प्रेमयोग का तत्त्व प्रथम पृष्ठ.html","प्रेमयोग का तत्त्व.html"
"प्रेमी भक्त प्रथम पृष्ठ.html","प्रेमी भक्त.html"
"प्रेरक कहानियाँ प्रथम पृष्ठ.html","प्रेरक कहानियाँ.html"
"बड़ोंके जीवन से शिक्षा प्रथम पृष्ठ.html","बड़ोंके जीवन से शिक्षा.html"
"बाल अमृत वचन प्रथम पृष्ठ.html","बाल अमृत वचन.html"
"बाल प्रश्नोत्तरी प्रथम पृष्ठ.html","बाल प्रश्नोत्तरी.html"
"बाल शिक्षा प्रथम पृष्ठ.html","बाल शिक्षा.html"
"बालकों की बोलचाल प्रथम पृष्ठ.html","बालकों की बोलचाल.html"
"बालकों के कर्तव्य प्रथम पृष्ठ.html","बालकों के कर्तव्य.html"
"ब्रह्मचर्य प्रथम पृष्ठ.html","ब्रह्मचर्य.html"
"भक्त कुसुम प्रथम पृष्ठ (1).html","भक्त कुसुम (1).html"
"भक्त कुसुम प्रथम पृष्ठ.html","भक्त कुसुम.html"
"भक्त चन्द्रिका प्रथम पृष्ठ.html","भक्त चन्द्रिका.html"
"भक्त दिवाकर प्रथम पृष्ठ.html","भक्त दिवाकर.html"
"भक्त नारी प्रथम पृष्ठ.html","भक्त नारी.html"
"भक्त महिलारत्न प्रथम पृष्ठ.html","भक्त महिलारत्न.html"
"भक्त रत्नाकर प्रथम पृष्ठ .html","भक्त रत्नाकर .html"
"भक्त सरोज प्रथम पृष्ठ.html","भक्त सरोज.html"
"भक्त सुधाकर प्रथम पृष्ठ.html","भक्त सुधाकर.html"
"भक्त सुमन प्रथम पृष्ठ.html","भक्त सुमन.html"
"भक्त सौरभ प्रथम पृष्ठ.html","भक्त सौरभ.html"
"भक्तराज ध्रुव प्रथम पृष्ठ.html","भक्तराज ध्रुव.html"
"भक्तराज हनुमान् प्रथम पृष्ठ.html","भक्तराज हनुमान्.html"
"भक्ति भक्त भगवान् प्रथम पृष्ठ.html","भक्ति भक्त भगवान्.html"
"भक्ति सुधा प्रथम पृष्ठ.html","भक्ति सुधा.html"
"भगवच्चर्चा (भाग-५) प्रथम पृष्ठ.html","भगवच्चर्चा (भाग-५).html"
"भगवच्चर्चा (सभी छहों भाग एक साथ) प्रथम पृष्ठ.html","भगवच्चर्चा (सभी छहों भाग एक साथ).html"
"भगवच्चर्चा प्रथम पृष्ठ.html","भगवच्चर्चा.html"
"भगवत्तत्त्व प्रथम पृष्ठ.html","भगवत्तत्त्व.html"
"भगवत्पथ दर्शन प्रथम पृष्ठ.html","भगवत्पथ दर्शन.html"
"भगवत्प्राप्ति एवं हिंदू संस्कृति प्रथम पृष्ठ.html","भगवत्प्राप्ति एवं हिंदू संस्कृति.html"
"भगवत्प्राप्ति कठिन नहीं प्रथम पृष्ठ.html","भगवत्प्राप्ति कठिन नहीं.html"
"भगवत्प्राप्ति की युक्तियाँ प्रथम पृष्ठ.html","भगवत्प्राप्ति की युक्तियाँ.html"
"भगवत्प्राप्ति की सुगमता प्रथम पृष्ठ.html","भगवत्प्राप्ति की सुगमता.html"
"भगवत्प्राप्ति के विविध उपाय प्रथम पृष्ठ.html","भगवत्प्राप्ति के विविध उपाय.html"
"भगवत्प्राप्ति के सुगम साधन प्रथम पृष्ठ.html","भगवत्प्राप्ति के सुगम साधन.html"
"भगवत्प्राप्ति सहज है प्रथम पृष्ठ.html","भगवत्प्राप्ति सहज है.html"
"भगवत्प्राप्तिकी अमूल्य बातें प्रथम पृष्ठ.html","भगवत्प्राप्तिकी अमूल्य बातें.html"
"भगवत्प्राप्तिमें भावकी प्रधानता प्रथम पृष्ठ.html","भगवत्प्राप्तिमें भावकी प्रधानता.html"
"भगवत्प्रेम प्राप्ति के उपाय प्रथम पृष्ठ.html","भगवत्प्रेम प्राप्ति के उपाय.html"
"भगवत्प्रेमकी प्राप्ति कैसे हो प्रथम पृष्ठ (1).html","भगवत्प्रेमकी प्राप्ति कैसे हो (1).html"
"भगवत्प्रेमकी प्राप्ति कैसे हो प्रथम पृष्ठ.html","भगवत्प्रेमकी प्राप्ति कैसे हो.html"
"भगवद्दर्शन की उत्कण्ठा प्रथम पृष्ठ.html","भगवद्दर्शन की उत्कण्ठा.html"
"भगवन्नाम प्रथम पृष्ठ.html","भगवन्नाम.html"
"भगवान_् और उनकी भक्ति प्रथम पृष्ठ.html","भगवान_् और उनकी भक्ति.html"
"भगवान_् के रहने के पाँच स्थान प्रथम पृष्ठ.html","भगवान_् के रहने के पाँच स्थान.html"
"भगवान_् के सामने सच्चा सो सच्चा प्रथम पृष्ठ.html","भगवान_् के सामने सच्चा सो सच्चा.html"
"भगवान_् पर विश्वास प्रथम पृष्ठ.html","भगवान_् पर विश्वास.html"
"भगवान_् से अपनापन प्रथम पृष्ठ.html","भगवान_् से अपनापन.html"
"भगवान् का हेतु रहित सौहार्द प्रथम पृष्ठ.html","भगवान् का हेतु रहित सौहार्द.html"
"भगवान् की दया प्रथम पृष्ठ.html","भगवान् की दया.html"
"भगवान् की पूजा के पुष्प प्रथम पृष्ठ.html","भगवान् की पूजा के पुष्प.html"
"भगवान् के स्वभाव का रहस्य प्रथम पृष्ठ.html","भगवान् के स्वभाव का रहस्य.html"
"भगवान् क्या है प्रथम पृष्ठ.html","भगवान् क्या है.html"
"भगवान् श्रीकृष्ण की कृपा तथा दिव्य प्रेमकी प्राप्तिके लिये प्रथम पृष्ठ.html","भगवान् श्रीकृष्ण की कृपा तथा दिव्य प्रेमकी प्राप्तिके लिये.html"
"भजनामृत प्रथम पृष्ठ (1).html","भजनामृत (1).html"
"भजनामृत प्रथम पृष्ठ.html","भजनामृत.html"
"भले का फल भला प्रथम पृष्ठ.html","भले का फल भला.html"
"भागवत नवनीत प्रथम पृष्ठ.html","भागवत नवनीत.html"
"भागवतस्तुतिसंग्रह प्रथम पृष्ठ.html","भागवतस्तुतिसंग्रह.html"
"भारतीय संस्कृति तथा शास्त्रों में नारी धर्म प्रथम पृष्ठ.html","भारतीय संस्कृति तथा शास्त्रों में नारी धर्म.html"
"भूले न भुलाये प्रथम पृष्ठ.html","भूले न भुलाये.html"
"मधुर प्रथम पृष्ठ.html","मधुर.html"
"मन को वश करने के कुछ उपाय प्रथम पृष्ठ.html","मन को वश करने के कुछ उपाय.html"
"मनुष्य का परम कर्तव्य प्रथम पृष्ठ.html","मनुष्य का परम कर्तव्य.html"
"मनुष्य जीवन का उद्देश्य प्रथम पृष्ठ.html","मनुष्य जीवन का उद्देश्य.html"
"मनुष्य जीवन की सफलता प्रथम पृष्ठ.html","मनुष्य जीवन की सफलता.html"
"महत्त्वपूर्ण कल्याणकारी बातें प्रथम पृष्ठ.html","महत्त्वपूर्ण कल्याणकारी बातें.html"
"महत्त्वपूर्ण चेतावनी प्रथम पृष्ठ.html","महत्त्वपूर्ण चेतावनी.html"
"महत्त्वपूर्ण प्रश्नोत्तर प्रथम पृष्ठ.html","महत्त्वपूर्ण प्रश्नोत्तर.html"
"महाकुम्भ पर्व प्रथम पृष्ठ.html","महाकुम्भ पर्व.html"
"महात्मा किसे कहते हैं प्रथम पृष्ठ.html","महात्मा किसे कहते हैं.html"
"महात्मा विदुर प्रथम पृष्ठ.html","महात्मा विदुर.html"
"महात्माओं की अहैतु की दया प्रथम पृष्ठ.html","महात्माओं की अहैतु की दया.html"
"महापाप से बचो प्रथम पृष्ठ.html","महापाप से बचो.html"
"महाभारत के कुछ आदर्श पात्र प्रथम पृष्ठ.html","महाभारत के कुछ आदर्श पात्र.html"
"महाभाव कल्लोलिनी प्रथम पृष्ठ.html","महाभाव कल्लोलिनी.html"
"माघ मास माहात्म्य प्रथम पृष्ठ.html","माघ मास माहात्म्य.html"
"मातृशक्ति का घोर अपमान प्रथम पृष्ठ.html","मातृशक्ति का घोर अपमान.html"
"मानव कल्याण के साधन प्रथम पृष्ठ.html","मानव कल्याण के साधन.html"
"मानव जीवन का लक्ष्य प्रथम पृष्ठ.html","मानव जीवन का लक्ष्य.html"
"मानव धर्म प्रथम पृष्ठ (1).html","मानव धर्म (1).html"
"मानव धर्म प्रथम पृष्ठ.html","मानव धर्म.html"
"मानवता का पुजारी प्रथम पृष्ठ.html","मानवता का पुजारी.html"
"मानवमात्र के कल्याण के लिये प्रथम पृष्ठ.html","मानवमात्र के कल्याण के लिये.html"
"मानस में नाम-वन्दना प्रथम पृष्ठ.html","मानस में नाम-वन्दना.html"
"मानस रहस्य प्रथम पृष्ठ.html","मानस रहस्य.html"
"मानस शंका समाधान प्रथम पृष्ठ.html","मानस शंका समाधान.html"
"मानसिक दक्षता प्रथम पृष्ठ.html","मानसिक दक्षता.html"
"मूर्ति पूजा प्रथम पृष्ठ.html","मूर्ति पूजा.html"
"मेरा अनुभव प्रथम पृष्ठ.html","मेरा अनुभव.html"
"मेरे तो गिरधर गोपाल प्रथम पृष्ठ.html","मेरे तो गिरधर गोपाल.html"
"यह विकास है या विनाश जरा सोचिये प्रथम पृष्ठ.html","यह विकास है या विनाश जरा सोचिये.html"
"रामस्तवराज प्रथम पृष्ठ.html","रामस्तवराज.html"
"रामाज्ञा प्रश्न प्रथम पृष्ठ.html","रामाज्ञा प्रश्न.html"
"रामायण के कुछ आदर्श पात्र प्रथम पृष्ठ.html","रामायण के कुछ आदर्श पात्र.html"
"लघुसिद्धान्तकौमुदी प्रथम पृष्ठ (1).html","लघुसिद्धान्तकौमुदी (1).html"
"लघुसिद्धान्तकौमुदी प्रथम पृष्ठ.html","लघुसिद्धान्तकौमुदी.html"
"लोक परलोक का सुधार प्रथम पृष्ठ.html","लोक परलोक का सुधार.html"
"वर्तमान शिक्षा प्रथम पृष्ठ.html","वर्तमान शिक्षा.html"
"वास्तविक त्याग प्रथम पृष्ठ.html","वास्तविक त्याग.html"
"वास्तविक सुख प्रथम पृष्ठ.html","वास्तविक सुख.html"
"विदुरनीति प्रथम पृष्ठ (1).html","विदुरनीति (1).html"
"विदुरनीति प्रथम पृष्ठ.html","विदुरनीति.html"
"विरह पदावली प्रथम पृष्ठ.html","विरह पदावली.html"
"विवाह में दहेज प्रथम पृष्ठ.html","विवाह में दहेज.html"
"विवेक चूडामणि प्रथम पृष्ठ.html","विवेक चूडामणि.html"
"वीर बालक प्रथम पृष्ठ.html","वीर बालक.html"
"वेदान्त-दर्शन (ब्रह्मसूत्र) प्रथम पृष्ठ.html","वेदान्त-दर्शन (ब्रह्मसूत्र).html"
"वैदिक सूक्त संग्रह प्रथम पृष्ठ.html","वैदिक सूक्त संग्रह.html"
"वैराग्य संदीपनी प्रथम पृष्ठ.html","वैराग्य संदीपनी.html"
"वैशाख कार्तिक माघ मास माहात्म्य प्रथम पृष्ठ.html","वैशाख कार्तिक माघ मास माहात्म्य.html"
"व्यवहार और परमार्थ प्रथम पृष्ठ.html","व्यवहार और परमार्थ.html"
"व्यवहार दर्शन पीयूष प्रथम पृष्ठ.html","व्यवहार दर्शन पीयूष.html"
"व्यवहार सुधार और परमार्थ प्रथम पृष्ठ.html","व्यवहार सुधार और परमार्थ.html"
"व्यवहारमें परमार्थकी कला प्रथम पृष्ठ.html","व्यवहारमें परमार्थकी कला.html"
"व्यापार सुधार की आवश्यकता प्रथम पृष्ठ.html","व्यापार सुधार की आवश्यकता.html"
"व्रत परिचय प्रथम पृष्ठ.html","व्रत परिचय.html"
"शक्तिपीठ दर्शन प्रथम पृष्ठ.html","शक्तिपीठ दर्शन.html"
"शतश्लोकी प्रथम पृष्ठ.html","शतश्लोकी.html"
"शरणागति प्रथम पृष्ठ.html","शरणागति.html"
"शान्ति का उपाय प्रथम पृष्ठ.html","शान्ति का उपाय.html"
"शान्ति कैसे मिले प्रथम पृष्ठ.html","शान्ति कैसे मिले.html"
"शिक्षाप्रद ग्यारह कहानियाँ प्रथम पृष्ठ.html","शिक्षाप्रद ग्यारह कहानियाँ.html"
"शिक्षाप्रद पत्र प्रथम पृष्ठ.html","शिक्षाप्रद पत्र.html"
"शिखा (चोटी) धारणकी आवश्यकता प्रथम पृष्ठ.html","शिखा (चोटी) धारणकी आवश्यकता.html"
"शिव स्मरण प्रथम पृष्ठ.html","शिव स्मरण.html"
"शीघ्र कल्याण के सोपान प्रथम पृष्ठ.html","शीघ्र कल्याण के सोपान.html"
"शोक नाश के उपाय प्रथम पृष्ठ.html","शोक नाश के उपाय.html"
"श्रद्धा विश्वास और प्रेम प्रथम पृष्ठ.html","श्रद्धा विश्वास और प्रेम.html"
"श्रावणमासमाहात्म्य प्रथम पृष्ठ.html","श्रावणमासमाहात्म्य.html"
"श्री एकनाथ चरित्र प्रथम पृष्ठ.html","श्री एकनाथ चरित्र.html"
"श्री गर्ग संहिता प्रथम पृष्ठ.html","श्री गर्ग संहिता.html"
"श्री प्रेम सुधा सागर प्रथम पृष्ठ.html","श्री प्रेम सुधा सागर.html"
"श्री भगवन्नाम-चिन्तन प्रथम पृष्ठ.html","श्री भगवन्नाम-चिन्तन.html"
"श्री राम चिन्तन प्रथम पृष्ठ.html","श्री राम चिन्तन.html"
"श्री सत्यनारायण व्रत कथा प्रथम पृष्ठ.html","श्री सत्यनारायण व्रत कथा.html"
"श्री सीताराम भजन प्रथम पृष्ठ.html","श्री सीताराम भजन.html"
"श्रीकृष्ण गीतावली प्रथम पृष्ठ.html","श्रीकृष्ण गीतावली.html"
"श्रीकृष्ण बाल माधुरी प्रथम पृष्ठ.html","श्रीकृष्ण बाल माधुरी.html"
"श्रीकृष्ण विज्ञान प्रथम पृष्ठ.html","श्रीकृष्ण विज्ञान.html"
"श्रीगङ्गासहस्रनामस्तोत्रम् प्रथम पृष्ठ.html","श्रीगङ्गासहस्रनामस्तोत्रम्.html"
"श्रीगणेशसहस्रनामस्तोत्रम् प्रथम पृष्ठ.html","श्रीगणेशसहस्रनामस्तोत्रम्.html"
"श्रीगोविन्ददामोदरस्तोत्रम् प्रथम पृष्ठ.html","श्रीगोविन्ददामोदरस्तोत्रम्.html"
"श्रीजैमिनीयाश्वमेधपर्व प्रथम पृष्ठ.html","श्रीजैमिनीयाश्वमेधपर्व.html"
"श्रीदुर्गाचालीसा एवं श्रीविन्ध्येश्वरीचालीसा प्रथम पृष्ठ.html","श्रीदुर्गाचालीसा एवं श्रीविन्ध्येश्वरीचालीसा.html"
"श्रीनरसिंहपुराण प्रथम पृष्ठ.html","श्रीनरसिंहपुराण.html"
"श्रीप्रेमभक्तिप्रकाश प्रथम पृष्ठ.html","श्रीप्रेमभक्तिप्रकाश.html"
"श्रीभगवन्नाम प्रथम पृष्ठ.html","श्रीभगवन्नाम.html"
"श्रीमद्भगवद्गीता माहात्म्य की कहानियाँ प्रथम पृष्ठ.html","श्रीमद्भगवद्गीता माहात्म्य की कहानियाँ.html"
"श्रीमद्भगवद्गीता शांकरभाष्य प्रथम पृष्ठ.html","श्रीमद्भगवद्गीता शांकरभाष्य.html"
"श्रीमद्भगवद्गीता श्रीरामानुज भाष्य प्रथम पृष्ठ.html","श्रीमद्भगवद्गीता श्रीरामानुज भाष्य.html"
"श्रीराधा माधव चिन्तन प्रथम पृष्ठ.html","श्रीराधा माधव चिन्तन.html"
"श्रीराधा माधव रस सुधा (षोडश गीत) प्रथम पृष्ठ.html","श्रीराधा माधव रस सुधा (षोडश गीत).html"
"श्रीराधिकासहस्रनामस्तोत्रम् प्रथम पृष्ठ.html","श्रीराधिकासहस्रनामस्तोत्रम्.html"
"श्रीरामकृष्णलीला भजनावली प्रथम पृष्ठ.html","श्रीरामकृष्णलीला भजनावली.html"
"श्रीरामगीता प्रथम पृष्ठ.html","श्रीरामगीता.html"
"श्रीलक्ष्मीसहस्रनामस्तोत्रम् प्रथम पृष्ठ.html","श्रीलक्ष्मीसहस्रनामस्तोत्रम्.html"
"श्रीललितासहस्रनामस्तोत्रम् प्रथम पृष्ठ.html","श्रीललितासहस्रनामस्तोत्रम्.html"
"श्रीवामनपुराण प्रथम पृष्ठ.html","श्रीवामनपुराण.html"
"श्रीविष्णुसहस्रनाम (शांकरभाष्य, हिन्दी अनुवाद सहित) प्रथम पृष्ठ.html","श्रीविष्णुसहस्रनाम (शांकरभाष्य, हिन्दी अनुवाद सहित).html"
"श्रीशिवसहस्रनामस्तोत्रम् प्रथम पृष्ठ.html","श्रीशिवसहस्रनामस्तोत्रम्.html"
"श्रीहनुमानचालीसा (लाल रंग में) प्रथम पृष्ठ.html","श्रीहनुमानचालीसा (लाल रंग में).html"
"श्रीहनुमानचालीसा (हिन्दी भावार्थसहित) प्रथम पृष्ठ.html","श्रीहनुमानचालीसा (हिन्दी भावार्थसहित).html"
"श्रीहरिवंशपुराण प्रथम पृष्ठ.html","श्रीहरिवंशपुराण.html"
"संक्षिप्त गरुडपुराण प्रथम पृष्ठ.html","संक्षिप्त गरुडपुराण.html"
"संक्षिप्त नारदपुराण प्रथम पृष्ठ.html","संक्षिप्त नारदपुराण.html"
"संक्षिप्त ब्रह्मपुराण प्रथम पृष्ठ.html","संक्षिप्त ब्रह्मपुराण.html"
"संक्षिप्त ब्रह्मवैवर्तपुराण प्रथम पृष्ठ.html","संक्षिप्त ब्रह्मवैवर्तपुराण.html"
"संक्षिप्त मार्कण्डेयपुराण प्रथम पृष्ठ.html","संक्षिप्त मार्कण्डेयपुराण.html"
"संक्षिप्त योगवासिष्ठ प्रथम पृष्ठ.html","संक्षिप्त योगवासिष्ठ.html"
"संक्षिप्त श्रीवराहपुराण प्रथम पृष्ठ.html","संक्षिप्त श्रीवराहपुराण.html"
"संक्षिप्त स्कन्दपुराण प्रथम पृष्ठ.html","संक्षिप्त स्कन्दपुराण.html"
"संत महिमा प्रथम पृष्ठ.html","संत महिमा.html"
"संत वाणी प्रथम पृष्ठ.html","संत वाणी.html"
"संत समागम प्रथम पृष्ठ.html","संत समागम.html"
"संतानगोपालस्तोत्र (संतानप्राप्तिके शास्त्रीय उपाय) प्रथम पृष्ठ.html","संतानगोपालस्तोत्र (संतानप्राप्तिके शास्त्रीय उपाय).html"
"संध्योपासनविधि और तर्पण एवं बलिवैश्वदेव विधि प्रथम पृष्ठ.html","संध्योपासनविधि और तर्पण एवं बलिवैश्वदेव विधि.html"
"संसार का असर कैसे छूटे प्रथम पृष्ठ (1).html","संसार का असर कैसे छूटे (1).html"
"संसार का असर कैसे छूटे प्रथम पृष्ठ.html","संसार का असर कैसे छूटे.html"
"संस्कार प्रकाश प्रथम पृष्ठ.html","संस्कार प्रकाश.html"
"सच्चा गुरु कौन प्रथम पृष्ठ.html","सच्चा गुरु कौन.html"
"सच्चा सुख और उसकी प्राप्ति के उपाय प्रथम पृष्ठ.html","सच्चा सुख और उसकी प्राप्ति के उपाय.html"
"सच्चे और ईमानदार बालक प्रथम पृष्ठ.html","सच्चे और ईमानदार बालक.html"
"सती द्रौपदी प्रथम पृष्ठ.html","सती द्रौपदी.html"
"सती सुकला प्रथम पृष्ठ.html","सती सुकला.html"
"सत्य की खोज प्रथम पृष्ठ.html","सत्य की खोज.html"
"सत्य की शरण से मुक्ति प्रथम पृष्ठ.html","सत्य की शरण से मुक्ति.html"
"सत्यप्रेमी हरिश्चन्द्र प्रथम पृष्ठ.html","सत्यप्रेमी हरिश्चन्द्र.html"
"सत्संग का प्रसाद प्रथम पृष्ठ.html","सत्संग का प्रसाद.html"
"सत्संग की कुछ सार बातें प्रथम पृष्ठ.html","सत्संग की कुछ सार बातें.html"
"सत्संग की मार्मिक बातें प्रथम पृष्ठ.html","सत्संग की मार्मिक बातें.html"
"सत्संग की विलक्षणता प्रथम पृष्ठ.html","सत्संग की विलक्षणता.html"
"सत्संग के अमृत कण प्रथम पृष्ठ.html","सत्संग के अमृत कण.html"
"सत्संग के फूल प्रथम पृष्ठ.html","सत्संग के फूल.html"
"सत्संग के बिखरे मोती प्रथम पृष्ठ.html","सत्संग के बिखरे मोती.html"
"सत्संग माला प्रथम पृष्ठ.html","सत्संग माला.html"
"सत्संग मुक्ताहार प्रथम पृष्ठ.html","सत्संग मुक्ताहार.html"
"सन्ध्या, सन्ध्या गायत्री का महत्त्व और ब्रह्मचर्य प्रथम पृष्ठ.html","सन्ध्या, सन्ध्या गायत्री का महत्त्व और ब्रह्मचर्य.html"
"सफलता के शिखर की सीढ़ियाँ प्रथम पृष्ठ.html","सफलता के शिखर की सीढ़ियाँ.html"
"सब जग ईश्वररूप है प्रथम पृष्ठ.html","सब जग ईश्वररूप है.html"
"समता अमृत और विषमता विष प्रथम पृष्ठ.html","समता अमृत और विषमता विष.html"
"समाज सुधार प्रथम पृष्ठ.html","समाज सुधार.html"
"सम्पूर्ण दुखोंका अभाव कैसे हो प्रथम पृष्ठ.html","सम्पूर्ण दुखोंका अभाव कैसे हो.html"
"सर्वोच्च पद की प्राप्ति का साधन प्रथम पृष्ठ.html","सर्वोच्च पद की प्राप्ति का साधन.html"
"सहज साधना प्रथम पृष्ठ.html","सहज साधना.html"
"साधक में साधुता प्रथम पृष्ठ.html","साधक में साधुता.html"
"साधकों के प्रति प्रथम पृष्ठ.html","साधकों के प्रति.html"
"साधन और साध्य प्रथम पृष्ठ.html","साधन और साध्य.html"
"साधन की आवश्यकता प्रथम पृष्ठ.html","साधन की आवश्यकता.html"
"साधन नवनीत प्रथम पृष्ठ.html","साधन नवनीत.html"
"साधन पथ प्रथम पृष्ठ.html","साधन पथ.html"
"साधन सुधा निधि प्रथम पृष्ठ.html","साधन सुधा निधि.html"
"साधन-कल्पतरु प्रथम पृष्ठ.html","साधन-कल्पतरु.html"
"साधना पथ प्रथम पृष्ठ.html","साधना पथ.html"
"साधनोपयोगी पत्र प्रथम पृष्ठ.html","साधनोपयोगी पत्र.html"
"सार संग्रह प्रथम पृष्ठ.html","सार संग्रह.html"
"सिद्धान्त एवं रहस्य की बातें प्रथम पृष्ठ.html","सिद्धान्त एवं रहस्य की बातें.html"
"सिनेमा – मनोरञ्जन या विनाश का साधन प्रथम पृष्ठ.html","सिनेमा – मनोरञ्जन या विनाश का साधन.html"
"सुख-शान्ति का मार्ग प्रथम पृष्ठ.html","सुख-शान्ति का मार्ग.html"
"सुखी जीवन प्रथम पृष्ठ.html","सुखी जीवन.html"
"सुखी बनने के उपाय प्रथम पृष्ठ.html","सुखी बनने के उपाय.html"
"सुखी बनो प्रथम पृष्ठ (1).html","सुखी बनो (1).html"
"सुन्दर समाज का निर्माण प्रथम पृष्ठ.html","सुन्दर समाज का निर्माण.html"
"सूक्ति सुधाकर प्रथम पृष्ठ.html","सूक्ति सुधाकर.html"
"सूर रामचरितावली प्रथम पृष्ठ.html","सूर रामचरितावली.html"
"सूर विनय पत्रिका प्रथम पृष्ठ.html","सूर विनय पत्रिका.html"
"स्त्रियों के लिये कर्तव्य शिक्षा प्रथम पृष्ठ.html","स्त्रियों के लिये कर्तव्य शिक्षा.html"
"स्त्री धर्म प्रश्नोत्तरी प्रथम पृष्ठ.html","स्त्री धर्म प्रश्नोत्तरी.html"
"स्वर्ण पथ प्रथम पृष्ठ.html","स्वर्ण पथ.html"
"स्वाधीन कैसे बनें प्रथम पृष्ठ.html","स्वाधीन कैसे बनें.html"
"हंसगीता प्रथम पृष्ठ.html","हंसगीता.html"
"हम ईश्वर को क्यों मानें प्रथम पृष्ठ.html","हम ईश्वर को क्यों मानें.html"
"हम कैसे रहें प्रथम पृष्ठ.html","हम कैसे रहें.html"
"हमारा आश्चर्य प्रथम पृष्ठ.html","हमारा आश्चर्य.html"
"हमारा कर्तव्य प्रथम पृष्ठ.html","हमारा कर्तव्य.html"
"हृदय की आदर्श विशालता प्रथम पृष्ठ.html","हृदय की आदर्श विशालता.html"
