"FileName","Replacements"
"अच्छे बनो प्रथम पृष्ठ.html","1"
"अध्यात्म-पथ-प्रदर्शक.html","1"
"अध्यात्मरामायण.html","1"
"अध्यात्मविषयक पत्र प्रथम पृष्ठ.html","1"
"अनन्य भक्तिसे भगवत्प्राप्ति.html","1"
"अनन्यभक्ति कैसे प्राप्त हो प्रथम पृष्ठ.html","1"
"अनुराग पदावली प्रथम पृष्ठ.html","1"
"अनुस्मृति प्रथम पृष्ठ.html","1"
"अन्त्यकर्म श्राद्धप्रकाश प्रथम पृष्ठ.html","1"
"अपात्रको भी भगवत्प्राप्ति प्रथम पृष्ठ.html","1"
"अमरता की ओर प्रथम पृष्ठ.html","1"
"अमूल्य वचन प्रथम पृष्ठ.html","1"
"अमूल्य शिक्षा प्रथम पृष्ठ.html","1"
"अमूल्य समय का सदुपयोग प्रथम पृष्ठ.html","1"
"अमृत कण प्रथम पृष्ठ.html","1"
"अमृत के घूँट प्रथम पृष्ठ.html","1"
"अमृत बिन्दु प्रथम पृष्ठ.html","1"
"अमृत वचन प्रथम पृष्ठ.html","1"
"अवतार का सिद्धान्त प्रथम पृष्ठ.html","1"
"अष्टावक्रगीता.html","1"
"असीम नीचता और असीम साधुता प्रथम पृष्ठ.html","1"
"आचार्य के सदुपेदश प्रथम पृष्ठ.html","1"
"आत्मकल्याण के विविध उपाय प्रथम पृष्ठ.html","1"
"आत्मोद्धारके सरल उपाय प्रथम पृष्ठ.html","1"
"आत्मोद्धारके साधन प्रथम पृष्ठ.html","1"
"आदर्श उपकार प्रथम पृष्ठ.html","1"
"आदर्श कहानियाँ.html","1"
"आदर्श देवियाँ प्रथम पृष्ठ.html","1"
"आदर्श नारी सुशीला प्रथम पृष्ठ.html","1"
"आदर्श भक्त प्रथम पृष्ठ.html","1"
"आदर्श भ्रातृ प्रेम प्रथम पृष्ठ (1).html","1"
"आदर्श भ्रातृ प्रेम प्रथम पृष्ठ.html","1"
"आदर्श मानव हृदय प्रथम पृष्ठ.html","1"
"आध्यात्मिक कहानियाँ प्रथम पृष्ठ.html","1"
"आध्यात्मिक प्रवचन प्रथम पृष्ठ.html","1"
"आनन्द का स्वरूप प्रथम पृष्ठ.html","1"
"आनन्द की लहरें प्रथम पृष्ठ.html","1"
"आनन्द कैसे मिले प्रथम पृष्ठ.html","1"
"आनन्द मार्ग प्रथम पृष्ठ.html","1"
"आनन्दमय जीवन प्रथम पृष्ठ.html","1"
"आरती-संग्रह.html","1"
"आवश्यक शिक्षा प्रथम पृष्ठ.html","1"
"आवागमन से मुक्ति प्रथम पृष्ठ.html","1"
"इसी जन्ममें परमात्मप्राप्ति प्रथम पृष्ठ.html","1"
"ईशादि नौ उपनिषद्.html","1"
"ईश्वर और संसार प्रथम पृष्ठ.html","1"
"ईश्वर की सत्ता और महत्ता प्रथम पृष्ठ.html","1"
"ईश्वर दयालु और न्यायकारी है प्रथम पृष्ठ.html","1"
"ईश्वर प्रथम पृष्ठ.html","1"
"ईश्वरसाक्षात्कार के लिये नाम-जप सर्वोपरि साधन है प्रथम पृष्ठ.html","1"
"उद्धव संदेश प्रथम पृष्ठ.html","1"
"उद्धार कैसे हो प्रथम पृष्ठ.html","1"
"उपदेशप्रद कहानियाँ.html","1"
"उपनिषदों के चौदह रत्न प्रथम पृष्ठ.html","1"
"एक नयी बात प्रथम पृष्ठ.html","1"
"एक महात्मा का प्रसाद प्रथम पृष्ठ.html","1"
"एक महापुरुषके अनुभवकी बातें प्रथम पृष्ठ.html","1"
"एक लोटा पानी प्रथम पृष्ठ.html","1"
"एक संत की वसीयत प्रथम पृष्ठ (1).html","1"
"एक संत की वसीयत प्रथम पृष्ठ.html","1"
"एकादशी व्रत का माहात्म्य प्रथम पृष्ठ.html","1"
"एकै साधै सब सधै प्रथम पृष्ठ.html","1"
"कर्णवास का सत्संग प्रथम पृष्ठ.html","1"
"कर्म रहस्य प्रथम पृष्ठ.html","1"
"कर्मयोग का तत्त्व प्रथम पृष्ठ.html","1"
"कलेजे के अक्षर प्रथम पृष्ठ.html","1"
"कल्याण कुंज प्रथम पृष्ठ.html","1"
"कल्याण पथ प्रथम पृष्ठ.html","1"
"कल्याण प्राप्ति के उपाय प्रथम पृष्ठ.html","1"
"कल्याणकारी आचरण प्रथम पृष्ठ.html","1"
"कल्याणकारी दोहा संग्रह प्रथम पृष्ठ.html","1"
"कल्याणकारी प्रवचन प्रथम पृष्ठ.html","1"
"कवितावली प्रथम पृष्ठ.html","1"
"किसान और गाय प्रथम पृष्ठ.html","1"
"क्या करें क्या न करें प्रथम पृष्ठ.html","1"
"क्या गुरु बिना मुक्ति नहीं प्रथम पृष्ठ.html","1"
"गंगालहरी प्रथम पृष्ठ.html","1"
"गजलगीता प्रथम पृष्ठ.html","1"
"गणेशस्तोत्ररत्नाकर (2).html","1"
"गयाश्राद्धपद्धति_माहात्म्य तथा_गयायात्राविधानसहित.html","1"
"गीता के परम प्रचारक प्रथम पृष्ठ.html","1"
"गीता ज्ञान प्रवेशिका प्रथम पृष्ठ (1).html","1"
"गीता ज्ञान प्रवेशिका प्रथम पृष्ठ.html","1"
"गीता दर्पण प्रथम पृष्ठ.html","1"
"गीता पढ़ने के लाभ प्रथम पृष्ठ.html","1"
"गीता बाल प्रश्नोत्तरी प्रथम पृष्ठ.html","1"
"गीता माधुर्य प्रथम पृष्ठ.html","1"
"गीता माधुर्यम् प्रथम पृष्ठ.html","1"
"गीता संग्रह प्रथम पृष्ठ.html","1"
"गीता-निबन्धावली प्रथम पृष्ठ.html","1"
"गीता-पुस्तकालय.html","8"
"गीता-प्रबोधनी.html","1"
"गीतावली प्रथम पृष्ठ.html","1"
"गीतोक्त संन्यास या सांख्ययोग का स्वरूप प्रथम पृष्ठ.html","1"
"गुरु और माता-पिता के भक्त बालक प्रथम पृष्ठ.html","1"
"गृहस्थमें कैसे रहें प्रथम पृष्ठ.html","1"
"गो सेवा के चमत्कार प्रथम पृष्ठ.html","1"
"गोपी प्रेम प्रथम पृष्ठ.html","1"
"गोवध भारत का कलंक प्रथम पृष्ठ.html","1"
"चिन्ता शोक कैसे मिटें प्रथम पृष्ठ.html","1"
"चेतावनी और सामयिक चेतावनी प्रथम पृष्ठ.html","1"
"चेतावनी पद संग्रह प्रथम पृष्ठ.html","1"
"चोखी कहानियाँ प्रथम पृष्ठ.html","1"
"जन्म-मरण से छुटकारा प्रथम पृष्ठ.html","1"
"जानकी मंगल प्रथम पृष्ठ.html","1"
"जित देखूँ तित तू प्रथम पृष्ठ.html","1"
"जिन खोजा तिन पाइया प्रथम पृष्ठ.html","1"
"जीवन का कर्तव्य प्रथम पृष्ठ.html","1"
"जीवन का सत्य प्रथम पृष्ठ.html","1"
"जीवन में नया प्रकाश प्रथम पृष्ठ.html","1"
"जीवन संजीवनी प्रथम पृष्ठ.html","1"
"जीवन सुधार की बातें प्रथम पृष्ठ.html","1"
"जीवनचर्या विज्ञान प्रथम पृष्ठ.html","1"
"जीवनोपयोगी कल्याण मार्ग प्रथम पृष्ठ.html","1"
"जीवनोपयोगी प्रवचन.html","1"
"जैमिनीकृत महाभारतमें भक्तोंकी गाथा.html","1"
"ज्ञान के दीप जले प्रथम पृष्ठ.html","1"
"ज्ञान मणि माला प्रथम पृष्ठ.html","1"
"ज्ञानयोग का तत्त्व प्रथम पृष्ठ.html","1"
"तत्त्वज्ञान कैसे हो प्रथम पृष्ठ.html","1"
"तत्त्वविचार प्रथम पृष्ठ.html","1"
"तर्पण विधि प्रथम पृष्ठ.html","1"
"तात्त्विक प्रवचन.html","1"
"तुलसी दल प्रथम पृष्ठ.html","1"
"तू ही तू प्रथम पृष्ठ.html","1"
"त्याग की महिमा प्रथम पृष्ठ.html","1"
"त्याग से भगवत्प्राप्ति प्रथम पृष्ठ.html","1"
"त्रिपिण्डीश्राद्धपद्धति प्रथम पृष्ठ.html","1"
"दत्तात्रेय वज्र कवच प्रथम पृष्ठ.html","1"
"दाम्पत्य जीवन का आदर्श प्रथम पृष्ठ.html","1"
"दिव्य सन्देश प्रथम पृष्ठ.html","1"
"दिव्य सुख की सरिता प्रथम पृष्ठ.html","1"
"दीन-दुखियों के प्रति कर्तव्य प्रथम पृष्ठ.html","1"
"दुःखोंका नाश कैसे हो प्रथम पृष्ठ.html","1"
"दुख क्यों होते हैं.html","1"
"दुख में भगवत्कृपा प्रथम पृष्ठ.html","1"
"दुर्गति से बचो प्रथम पृष्ठ.html","1"
"देवर्षि नारद प्रथम पृष्ठ (1).html","1"
"देवर्षि नारद प्रथम पृष्ठ.html","1"
"देवीस्तोत्ररत्नाकर.html","1"
"देश की वर्तमान दशा तथा उसका परिणाम प्रथम पृष्ठ.html","1"
"दैनिक कल्याण सूत्र प्रथम पृष्ठ.html","1"
"दोहावली प्रथम पृष्ठ.html","1"
"धर्म के नाम पर पाप प्रथम पृष्ठ.html","1"
"धर्म क्या है.html","1"
"धर्मसे लाभ और अधर्म से हानि प्रथम पृष्ठ.html","1"
"ध्यान और मानसिक पूजा प्रथम पृष्ठ.html","1"
"ध्यानावस्था में प्रभु से वार्तालाप प्रथम पृष्ठ.html","1"
"नल दमयन्ती प्रथम पृष्ठ.html","1"
"नवधा भक्ति प्रथम पृष्ठ.html","1"
"नाम जप की महिमा प्रथम पृष्ठ.html","1"
"नारद भक्ति सूत्र प्रथम पृष्ठ.html","1"
"नारी धर्म प्रथम पृष्ठ.html","1"
"नारी-शिक्षा.html","1"
"नित्यकर्म-पूजाप्रकाश (2).html","1"
"नित्यकर्म-पूजाप्रकाश.html","1"
"नित्यकर्म-प्रयोग.html","1"
"नित्ययोग की प्राप्ति प्रथम पृष्ठ.html","1"
"निष्काम श्रद्धा और प्रेम प्रथम पृष्ठ.html","1"
"निष्कामभाव से भगवत्प्राप्ति प्रथम पृष्ठ.html","1"
"नेत्रों में भगवान् को बसा लें प्रथम पृष्ठ.html","1"
"नैवेद्य प्रथम पृष्ठ.html","1"
"पंचदेव अथर्वशीर्ष संग्रह प्रथम पृष्ठ.html","1"
"पद्मपुरा.html","1"
"परम पिता से प्रार्थना प्रथम पृष्ठ.html","1"
"परम शान्ति का मार्ग प्रथम पृष्ठ.html","1"
"परम साधन प्रथम पृष्ठ.html","1"
"परम सेवा प्रथम पृष्ठ.html","1"
"परमानन्द की खेती प्रथम पृष्ठ.html","1"
"परमार्थ की मन्दाकिनी प्रथम पृष्ठ.html","1"
"परमार्थ सूत्र संग्रह प्रथम पृष्ठ.html","1"
"परलोक और पुनर्जन्म.html","1"
"परलोक और पुनर्जन्मकी सत्य घटनाएँ प्रथम पृष्ठ.html","1"
"परोपकार और सच्चाई का फल प्रथम पृष्ठ.html","1"
"पाण्डवगीता प्रथम पृष्ठ.html","1"
"पातञ्जलयोगदर्शन प्रथम पृष्ठ.html","1"
"पातञ्जलयोगप्रदीप प्रथम पृष्ठ.html","1"
"पारमार्थिक पत्र प्रथम पृष्ठ.html","1"
"पार्वती मंगल प्रथम पृष्ठ.html","1"
"पिता की सीख प्रथम पृष्ठ.html","1"
"पुरुषोत्तमसहस्रनामस्तोत्रम्.html","1"
"पूजा के फूल प्रथम पृष्ठ.html","1"
"पूर्ण-समर्पण_भगवच्चर्चा भाग-६.html","1"
"पौराणिक कथाएँ प्रथम पृष्ठ.html","1"
"पौराणिक कहानियाँ.html","1"
"प्रतिकूलता में प्रसन्नता प्रथम पृष्ठ.html","1"
"प्रत्यक्ष भगवद्दर्शन के उपाय प्रथम पृष्ठ.html","1"
"प्रश्नोत्तर मणिमाला प्रथम पृष्ठ.html","1"
"प्रश्नोत्तरी प्रथम पृष्ठ.html","1"
"प्राचीन भक्त प्रथम पृष्ठ.html","1"
"प्रार्थना प्रथम पृष्ठ.html","1"
"प्रेम का सच्चा स्वरूप प्रथम पृष्ठ.html","1"
"प्रेम के वश में भगवान् प्रथम पृष्ठ.html","1"
"प्रेम दर्शन (नारद भक्ति सूत्र की व्याख्या) प्रथम पृष्ठ.html","1"
"प्रेम में विलक्षण एकता प्रथम पृष्ठ.html","1"
"प्रेम योग प्रथम पृष्ठ.html","1"
"प्रेम सत्संग सुधा माला प्रथम पृष्ठ.html","1"
"प्रेमयोग का तत्त्व प्रथम पृष्ठ.html","1"
"प्रेमी भक्त उद्धव.html","1"
"प्रेमी भक्त प्रथम पृष्ठ.html","1"
"प्रेरक कहानियाँ प्रथम पृष्ठ.html","1"
"बड़ोंके जीवन से शिक्षा प्रथम पृष्ठ.html","1"
"बलिवैश्वदेव-विधि.html","1"
"बाल अमृत वचन प्रथम पृष्ठ.html","1"
"बाल प्रश्नोत्तरी प्रथम पृष्ठ.html","1"
"बाल शिक्षा प्रथम पृष्ठ.html","1"
"बालकों की बोलचाल प्रथम पृष्ठ.html","1"
"बालकों के कर्तव्य प्रथम पृष्ठ.html","1"
"ब्रह्मचर्य प्रथम पृष्ठ.html","1"
"भक्त कुसुम प्रथम पृष्ठ (1).html","1"
"भक्त कुसुम प्रथम पृष्ठ.html","1"
"भक्त चन्द्रिका प्रथम पृष्ठ.html","1"
"भक्त दिवाकर प्रथम पृष्ठ.html","1"
"भक्त नरसिंह मेहता प्रथम पृष्ठ.html","1"
"भक्त नारी प्रथम पृष्ठ.html","1"
"भक्त बालक.html","1"
"भक्त महिलारत्न प्रथम पृष्ठ.html","1"
"भक्त रत्नाकर प्रथम पृष्ठ .html","1"
"भक्त सरोज प्रथम पृष्ठ.html","1"
"भक्त सुधाकर प्रथम पृष्ठ.html","1"
"भक्त सुमन प्रथम पृष्ठ.html","1"
"भक्त सौरभ प्रथम पृष्ठ.html","1"
"भक्त-पंचरत्न.html","1"
"भक्त-सप्तरत्न.html","1"
"भक्तराज ध्रुव प्रथम पृष्ठ.html","1"
"भक्तराज हनुमान् प्रथम पृष्ठ.html","1"
"भक्ति भक्त भगवान् प्रथम पृष्ठ.html","1"
"भक्ति सुधा प्रथम पृष्ठ.html","1"
"भगवच्चर्चा (भाग-५) प्रथम पृष्ठ.html","1"
"भगवच्चर्चा (सभी छहों भाग एक साथ) प्रथम पृष्ठ.html","1"
"भगवच्चर्चा प्रथम पृष्ठ.html","1"
"भगवत्तत्त्व प्रथम पृष्ठ.html","1"
"भगवत्पथ दर्शन प्रथम पृष्ठ.html","1"
"भगवत्प्राप्ति एवं हिंदू संस्कृति प्रथम पृष्ठ.html","1"
"भगवत्प्राप्ति कठिन नहीं प्रथम पृष्ठ.html","1"
"भगवत्प्राप्ति की युक्तियाँ प्रथम पृष्ठ.html","1"
"भगवत्प्राप्ति की सुगमता प्रथम पृष्ठ.html","1"
"भगवत्प्राप्ति के विविध उपाय प्रथम पृष्ठ.html","1"
"भगवत्प्राप्ति के सुगम साधन प्रथम पृष्ठ.html","1"
"भगवत्प्राप्ति कैसे ह.html","1"
"भगवत्प्राप्ति सहज है प्रथम पृष्ठ.html","1"
"भगवत्प्राप्तिकी अमूल्य बातें प्रथम पृष्ठ.html","1"
"भगवत्प्राप्तिमें भावकी प्रधानता प्रथम पृष्ठ.html","1"
"भगवत्प्रेम प्राप्ति के उपाय प्रथम पृष्ठ.html","1"
"भगवत्प्रेमकी प्राप्ति कैसे हो प्रथम पृष्ठ (1).html","1"
"भगवत्प्रेमकी प्राप्ति कैसे हो प्रथम पृष्ठ.html","1"
"भगवद्दर्शन की उत्कण्ठा प्रथम पृष्ठ.html","1"
"भगवन्नाम प्रथम पृष्ठ.html","1"
"भगवान_् और उनकी भक्ति प्रथम पृष्ठ.html","1"
"भगवान_् के रहने के पाँच स्थान प्रथम पृष्ठ.html","1"
"भगवान_् के सामने सच्चा सो सच्चा प्रथम पृष्ठ.html","1"
"भगवान_् पर विश्वास प्रथम पृष्ठ.html","1"
"भगवान_् से अपनापन प्रथम पृष्ठ.html","1"
"भगवान् का हेतु रहित सौहार्द प्रथम पृष्ठ.html","1"
"भगवान् की दया प्रथम पृष्ठ.html","1"
"भगवान् की पूजा के पुष्प प्रथम पृष्ठ.html","1"
"भगवान् के स्वभाव का रहस्य प्रथम पृष्ठ.html","1"
"भगवान् कैसे मिलें.html","1"
"भगवान् क्या है प्रथम पृष्ठ.html","1"
"भगवान् श्रीकृष्ण की कृपा तथा दिव्य प्रेमकी प्राप्तिके लिये प्रथम पृष्ठ.html","1"
"भगवान् सदा तुम्हारे साथ हैं.html","1"
"भजन-संग्रह.html","1"
"भजनामृत प्रथम पृष्ठ (1).html","1"
"भजनामृत प्रथम पृष्ठ.html","1"
"भले का फल भला प्रथम पृष्ठ.html","1"
"भवरोगकी रामबाण दवा.html","1"
"भागवत नवनीत प्रथम पृष्ठ.html","1"
"भागवतरत्न प्रह्लाद.html","1"
"भागवतस्तुतिसंग्रह प्रथम पृष्ठ.html","1"
"भारतीय संस्कृति तथा शास्त्रों में नारी धर्म प्रथम पृष्ठ.html","1"
"भीष्मस्तवराज.html","1"
"भूले न भुलाये प्रथम पृष्ठ.html","1"
"मधुर प्रथम पृष्ठ.html","1"
"मन को वश करने के कुछ उपाय प्रथम पृष्ठ.html","1"
"मनुष्य का परम कर्तव्य प्रथम पृष्ठ.html","1"
"मनुष्य जीवन का उद्देश्य प्रथम पृष्ठ.html","1"
"मनुष्य जीवन की सफलता प्रथम पृष्ठ.html","1"
"महत्त्वपूर्ण कल्याणकारी बातें प्रथम पृष्ठ.html","1"
"महत्त्वपूर्ण चेतावनी प्रथम पृष्ठ.html","1"
"महत्त्वपूर्ण प्रश्नोत्तर प्रथम पृष्ठ.html","1"
"महत्वपूर्ण शिक्षा.html","1"
"महाकुम्भ पर्व प्रथम पृष्ठ.html","1"
"महात्मा किसे कहते हैं प्रथम पृष्ठ.html","1"
"महात्मा विदुर प्रथम पृष्ठ.html","1"
"महात्माओं की अहैतु की दया प्रथम पृष्ठ.html","1"
"महापाप से बचो प्रथम पृष्ठ.html","1"
"महाभारत के कुछ आदर्श पात्र प्रथम पृष्ठ.html","1"
"महाभाव कल्लोलिनी प्रथम पृष्ठ.html","1"
"माघ मास माहात्म्य प्रथम पृष्ठ.html","1"
"मातृशक्ति का घोर अपमान प्रथम पृष्ठ.html","1"
"मानव कल्याण के साधन प्रथम पृष्ठ.html","1"
"मानव जीवन का लक्ष्य प्रथम पृष्ठ.html","1"
"मानव धर्म प्रथम पृष्ठ (1).html","1"
"मानव धर्म प्रथम पृष्ठ.html","1"
"मानवता का पुजारी प्रथम पृष्ठ.html","1"
"मानवमात्र के कल्याण के लिये प्रथम पृष्ठ.html","1"
"मानस में नाम-वन्दना प्रथम पृष्ठ.html","1"
"मानस रहस्य प्रथम पृष्ठ.html","1"
"मानस शंका समाधान प्रथम पृष्ठ.html","1"
"मानसिक दक्षता प्रथम पृष्ठ.html","1"
"मूर्ति पूजा प्रथम पृष्ठ.html","1"
"मेरा अनुभव प्रथम पृष्ठ.html","1"
"मेरे तो गिरधर गोपाल प्रथम पृष्ठ.html","1"
"यह विकास है या विनाश जरा सोचिये प्रथम पृष्ठ.html","1"
"रहस्यमय प्रवचन.html","1"
"रामस्तवराज प्रथम पृष्ठ.html","1"
"रामाज्ञा प्रश्न प्रथम पृष्ठ.html","1"
"रामायण के कुछ आदर्श पात्र प्रथम पृष्ठ.html","1"
"रुद्राष्टाध्यायी.html","1"
"लघुसिद्धान्तकौमुदी प्रथम पृष्ठ (1).html","1"
"लघुसिद्धान्तकौमुदी प्रथम पृष्ठ.html","1"
"लोक परलोक का सुधार प्रथम पृष्ठ.html","1"
"वर्तमान शिक्षा प्रथम पृष्ठ.html","1"
"वासुदेव सर्वम्.html","1"
"वास्तविक त्याग प्रथम पृष्ठ.html","1"
"वास्तविक सुख प्रथम पृष्ठ.html","1"
"विदुरनीति प्रथम पृष्ठ (1).html","1"
"विदुरनीति प्रथम पृष्ठ.html","1"
"विरह पदावली प्रथम पृष्ठ.html","1"
"विवाह में दहेज प्रथम पृष्ठ.html","1"
"विवेक चूडामणि प्रथम पृष्ठ.html","1"
"वीर बालक प्रथम पृष्ठ.html","1"
"वेदान्त-दर्शन (ब्रह्मसूत्र) प्रथम पृष्ठ.html","1"
"वैदिक सूक्त संग्रह प्रथम पृष्ठ.html","1"
"वैराग्य संदीपनी प्रथम पृष्ठ.html","1"
"वैराग्य.html","1"
"वैशाख कार्तिक माघ मास माहात्म्य प्रथम पृष्ठ.html","1"
"व्यवहार और परमार्थ प्रथम पृष्ठ.html","1"
"व्यवहार दर्शन पीयूष प्रथम पृष्ठ.html","1"
"व्यवहार सुधार और परमार्थ प्रथम पृष्ठ.html","1"
"व्यवहारमें परमार्थकी कला प्रथम पृष्ठ.html","1"
"व्यापार सुधार की आवश्यकता प्रथम पृष्ठ.html","1"
"व्रत परिचय प्रथम पृष्ठ.html","1"
"शक्तिपीठ दर्शन प्रथम पृष्ठ.html","1"
"शतनामस्तोत्रसंग्रह.html","1"
"शतश्लोकी प्रथम पृष्ठ.html","1"
"शरणागति प्रथम पृष्ठ.html","1"
"शाण्डिल्य-भक्ति-सूत्र.html","1"
"शान्ति का उपाय प्रथम पृष्ठ.html","1"
"शान्ति कैसे मिले प्रथम पृष्ठ.html","1"
"शिक्षाप्रद ग्यारह कहानियाँ प्रथम पृष्ठ.html","1"
"शिक्षाप्रद पत्र प्रथम पृष्ठ.html","1"
"शिखा (चोटी) धारणकी आवश्यकता प्रथम पृष्ठ.html","1"
"शिव स्मरण प्रथम पृष्ठ.html","1"
"शिवमहिम्नस्तोत्र.html","1"
"शीघ्र कल्याण के सोपान प्रथम पृष्ठ.html","1"
"शोक नाश के उपाय प्रथम पृष्ठ.html","1"
"श्रद्धा विश्वास और प्रेम प्रथम पृष्ठ.html","1"
"श्रावणमासमाहात्म्य प्रथम पृष्ठ.html","1"
"श्री एकनाथ चरित्र प्रथम पृष्ठ.html","1"
"श्री गर्ग संहिता प्रथम पृष्ठ.html","1"
"श्री प्रेम सुधा सागर प्रथम पृष्ठ.html","1"
"श्री भगवन्नाम-चिन्तन प्रथम पृष्ठ.html","1"
"श्री राम चिन्तन प्रथम पृष्ठ.html","1"
"श्री सत्यनारायण व्रत कथा प्रथम पृष्ठ.html","1"
"श्री सीताराम भजन प्रथम पृष्ठ.html","1"
"श्रीआद्यशंकराचार्यविरचित अपरोक्षानुभूति.html","1"
"श्रीकृष्ण गीतावली प्रथम पृष्ठ.html","1"
"श्रीकृष्ण बाल माधुरी प्रथम पृष्ठ.html","1"
"श्रीकृष्ण विज्ञान प्रथम पृष्ठ.html","1"
"श्रीगङ्गासहस्रनामस्तोत्रम् प्रथम पृष्ठ.html","1"
"श्रीगणेशसहस्रनामस्तोत्रम् प्रथम पृष्ठ.html","1"
"श्रीगोविन्ददामोदरस्तोत्रम् प्रथम पृष्ठ.html","1"
"श्रीजैमिनीयाश्वमेधपर्व प्रथम पृष्ठ.html","1"
"श्रीदुर्गाचालीसा एवं श्रीविन्ध्येश्वरीचालीसा प्रथम पृष्ठ.html","1"
"श्रीदुर्गासप्तशती (2).html","1"
"श्रीनरसिंहपुराण प्रथम पृष्ठ.html","1"
"श्रीनारायणकवच.html","1"
"श्रीप्रेमभक्तिप्रकाश प्रथम पृष्ठ.html","1"
"श्रीभगवन्नाम प्रथम पृष्ठ.html","1"
"श्रीभीष्मपितामह प्रथम पृष्ठ.html","1"
"श्रीमद्भगवद्गीता माहात्म्य की कहानियाँ प्रथम पृष्ठ.html","1"
"श्रीमद्भगवद्गीता शांकरभाष्य प्रथम पृष्ठ.html","1"
"श्रीमद्भगवद्गीता श्रीरामानुज भाष्य प्रथम पृष्ठ.html","1"
"श्रीमद्भगवद्गीता_तत्त्वविवेचनी हिन्दी_टीकासहित.html","1"
"श्रीमद्वाल्मीकीय रामायण.html","1"
"श्रीमद‍्भागवतमहापुराण (2).html","1"
"श्रीराधा माधव चिन्तन प्रथम पृष्ठ.html","1"
"श्रीराधा माधव रस सुधा (षोडश गीत) प्रथम पृष्ठ.html","1"
"श्रीराधिकासहस्रनामस्तोत्रम् प्रथम पृष्ठ.html","1"
"श्रीरामकृष्णलीला भजनावली प्रथम पृष्ठ.html","1"
"श्रीरामगीता प्रथम पृष्ठ.html","1"
"श्रीरामसहस्रनामस्तोत्रम् नामावली तथा संक्षिप्त प्रयोग-विधि सहित.html","1"
"श्रीलक्ष्मीसहस्रनामस्तोत्रम् प्रथम पृष्ठ.html","1"
"श्रीललितासहस्रनामस्तोत्रम् प्रथम पृष्ठ.html","1"
"श्रीवामनपुराण प्रथम पृष्ठ.html","1"
"श्रीविष्णुसहस्रनाम (शांकरभाष्य, हिन्दी अनुवाद सहित) प्रथम पृष्ठ.html","1"
"श्रीविष्णुसहस्रनामस्तोत्रम्.html","1"
"श्रीशिवचालीसा.html","1"
"श्रीशिवसहस्रनामस्तोत्रम् प्रथम पृष्ठ.html","1"
"श्रीशुक सुधा सागर.html","1"
"श्रीश्रीचैतन्य-चरितावली (2).html","1"
"श्रीहनुमानचालीसा (लाल रंग में) प्रथम पृष्ठ.html","1"
"श्रीहनुमानचालीसा (हिन्दी भावार्थसहित) प्रथम पृष्ठ.html","1"
"श्रीहरिवंशपुराण प्रथम पृष्ठ.html","1"
"संक्षिप्त गरुडपुराण प्रथम पृष्ठ.html","1"
"संक्षिप्त नारदपुराण प्रथम पृष्ठ.html","1"
"संक्षिप्त पद्मपुराण.html","1"
"संक्षिप्त ब्रह्मपुराण प्रथम पृष्ठ.html","1"
"संक्षिप्त ब्रह्मवैवर्तपुराण प्रथम पृष्ठ.html","1"
"संक्षिप्त महाभारत.html","1"
"संक्षिप्त मार्कण्डेयपुराण प्रथम पृष्ठ.html","1"
"संक्षिप्त योगवासिष्ठ प्रथम पृष्ठ.html","1"
"संक्षिप्त शिवपुराण.html","1"
"संक्षिप्त श्रीमद्देवीभागवत.html","1"
"संक्षिप्त श्रीवराहपुराण प्रथम पृष्ठ.html","1"
"संक्षिप्त स्कन्दपुराण प्रथम पृष्ठ.html","1"
"संत महिमा प्रथम पृष्ठ.html","1"
"संत वाणी प्रथम पृष्ठ.html","1"
"संत समागम प्रथम पृष्ठ.html","1"
"संतानगोपालस्तोत्र (संतानप्राप्तिके शास्त्रीय उपाय) प्रथम पृष्ठ.html","1"
"संध्या.html","1"
"संध्योपासनविधि और तर्पण एवं बलिवैश्वदेव विधि प्रथम पृष्ठ.html","1"
"संसार का असर कैसे छूटे प्रथम पृष्ठ (1).html","1"
"संसार का असर कैसे छूटे प्रथम पृष्ठ.html","1"
"संस्कार प्रकाश प्रथम पृष्ठ.html","1"
"सच्चा गुरु कौन प्रथम पृष्ठ.html","1"
"सच्चा सुख और उसकी प्राप्ति के उपाय प्रथम पृष्ठ.html","1"
"सच्ची सलाह.html","1"
"सच्चे और ईमानदार बालक प्रथम पृष्ठ.html","1"
"सती द्रौपदी प्रथम पृष्ठ.html","1"
"सती सुकला प्रथम पृष्ठ.html","1"
"सत्य एवं प्रेरक घटनाएँ.html","1"
"सत्य की खोज प्रथम पृष्ठ.html","1"
"सत्य की शरण से मुक्ति प्रथम पृष्ठ.html","1"
"सत्यप्रेमी हरिश्चन्द्र प्रथम पृष्ठ.html","1"
"सत्संग का प्रसाद प्रथम पृष्ठ.html","1"
"सत्संग की कुछ सार बातें प्रथम पृष्ठ.html","1"
"सत्संग की मार्मिक बातें प्रथम पृष्ठ.html","1"
"सत्संग की विलक्षणता प्रथम पृष्ठ.html","1"
"सत्संग के अमृत कण प्रथम पृष्ठ.html","1"
"सत्संग के फूल प्रथम पृष्ठ.html","1"
"सत्संग के बिखरे मोती प्रथम पृष्ठ.html","1"
"सत्संग माला प्रथम पृष्ठ.html","1"
"सत्संग मुक्ताहार प्रथम पृष्ठ.html","1"
"सत्संग-सुधा.html","1"
"सन्ध्या, सन्ध्या गायत्री का महत्त्व और ब्रह्मचर्य प्रथम पृष्ठ.html","1"
"सफलता के शिखर की सीढ़ियाँ प्रथम पृष्ठ.html","1"
"सब जग ईश्वररूप है प्रथम पृष्ठ.html","1"
"सब साधनोंका सार.html","1"
"समता अमृत और विषमता विष प्रथम पृष्ठ.html","1"
"समाज सुधार प्रथम पृष्ठ.html","1"
"सम्पूर्ण दुखोंका अभाव कैसे हो प्रथम पृष्ठ.html","1"
"सर्वोच्च पद की प्राप्ति का साधन प्रथम पृष्ठ.html","1"
"सहज साधना प्रथम पृष्ठ.html","1"
"सहस्रनामस्तोत्रसंग्रह.html","1"
"सागरके मोती.html","1"
"साधक में साधुता प्रथम पृष्ठ.html","1"
"साधकों के प्रति प्रथम पृष्ठ.html","1"
"साधकोंका सहारा भगवच्चर्चा भाग-४.html","1"
"साधन और साध्य प्रथम पृष्ठ.html","1"
"साधन की आवश्यकता प्रथम पृष्ठ.html","1"
"साधन नवनीत प्रथम पृष्ठ.html","1"
"साधन पथ प्रथम पृष्ठ.html","1"
"साधन सुधा निधि प्रथम पृष्ठ.html","1"
"साधन-कल्पतरु प्रथम पृष्ठ.html","1"
"साधन-नवनीत.html","1"
"साधना पथ प्रथम पृष्ठ.html","1"
"साधनोपयोगी पत्र प्रथम पृष्ठ.html","1"
"सार संग्रह प्रथम पृष्ठ.html","1"
"सावित्री और सत्यवान्.html","1"
"सिद्धान्त एवं रहस्य की बातें प्रथम पृष्ठ.html","1"
"सिनेमा – मनोरञ्जन या विनाश का साधन प्रथम पृष्ठ.html","1"
"सुख-शान्ति का मार्ग प्रथम पृष्ठ.html","1"
"सुखी जीवन प्रथम पृष्ठ.html","1"
"सुखी बनने के उपाय प्रथम पृष्ठ.html","1"
"सुखी बनो प्रथम पृष्ठ (1).html","1"
"सुन्दर समाज का निर्माण प्रथम पृष्ठ.html","1"
"सूक्ति सुधाकर प्रथम पृष्ठ.html","1"
"सूर रामचरितावली प्रथम पृष्ठ.html","1"
"सूर विनय पत्रिका प्रथम पृष्ठ.html","1"
"स्त्रियों के लिये कर्तव्य शिक्षा प्रथम पृष्ठ.html","1"
"स्त्री धर्म प्रश्नोत्तरी प्रथम पृष्ठ.html","1"
"स्वर्ण पथ प्रथम पृष्ठ.html","1"
"स्वाधीन कैसे बनें प्रथम पृष्ठ.html","1"
"हंसगीता प्रथम पृष्ठ.html","1"
"हम ईश्वर को क्यों मानें प्रथम पृष्ठ.html","1"
"हम कैसे रहें प्रथम पृष्ठ.html","1"
"हमारा आश्चर्य प्रथम पृष्ठ.html","1"
"हमारा कर्तव्य प्रथम पृष्ठ.html","1"
"हृदय की आदर्श विशालता प्रथम पृष्ठ.html","1"
