"FileName","Category","Author"
"मानस-मुक्ता.html","Pravachan","श्रद्धेय स्वामी श्रीरामसुखदासजी महाराज"
"यह कलियुग है!.html","Pravachan","श्रद्धेय स्वामी श्रीरामसुखदासजी महाराज"
"जीवन्मुक्तिके रहस्य.html","Pravachan","श्रद्धेय स्वामी श्रीरामसुखदासजी महाराज"
"मेरे नाथ! मेरे प्रभो.html","Pravachan","श्रद्धेय स्वामी श्रीरामसुखदासजी महाराज"
"ईस्वर अंस जीव अबिनासी.html","Pravachan","श्रद्धेय स्वामी श्रीरामसुखदासजी महाराज"
"अयोध्या-माहात्म्य.html","Teerth Sthal","श्रीविश्वेश्वरीप्रसादजी शुक्ल"
"श्रीलिङ्ग-महापुराण (केवल हिन्दी).html","Purans","सम्पादक– राधेश्याम खेमका"
"गिता चिंतन.html","Gita",""
"शिव स्तोत्र रत्नाकर.html","Stotra evam Naamavali",""
"श्रीकृष्ण विज्ञान.html","Gita","पुरोहित रामप्रताप"
"अमोघ शिवकवच.html","Stotra evam Naamavali","गीताप्रेस गोरखपुर"
"आदित्यहृदयस्तोत्रम्.html","Stotra evam Naamavali","गीताप्रेस गोरखपुर"
"श्रीहनुमानचालीसा.html","Stotra evam Naamavali","गीताप्रेस गोरखपुर"
"रामरक्षास्तोत्रम्.html","Stotra evam Naamavali","गीताप्रेस गोरखपुर"
"तिरुपति-यात्रा.html","Teerth Sthal","डॉ. आकेल्ल विभीषण शर्मा"
"अयोध्या-दर्शन.html","Teerth Sthal","गीताप्रेस गोरखपुर"
"चित शुधि भाग - 1.html","Swami Sharnanand Sahitya","स्वामी शरणानन्द जी महाराज"
"चित शुधि भाग - 2.html","Swami Sharnanand Sahitya","स्वामी शरणानन्द जी महाराज"
"जीवन पथ.html","Swami Sharnanand Sahitya","स्वामी शरणानन्द जी महाराज"
"जीवन-दर्शन भाग 1.html","Swami Sharnanand Sahitya","स्वामी शरणानन्द जी महाराज"
"जीवन-दर्शन भाग 2.html","Swami Sharnanand Sahitya","स्वामी शरणानन्द जी महाराज"
"दर्शन और नीति.html","Swami Sharnanand Sahitya","स्वामी शरणानन्द जी महाराज"
"दुःख का प्रभाव.html","Swami Sharnanand Sahitya","स्वामी शरणानन्द जी महाराज"
"पथ प्रदीप.html","Swami Sharnanand Sahitya","स्वामी शरणानन्द जी महाराज"
"पाथेय - 1.html","Swami Sharnanand Sahitya","स्वामी शरणानन्द जी महाराज"
"पाथेय - 2.html","Swami Sharnanand Sahitya","स्वामी शरणानन्द जी महाराज"
"प्रबोधनी.html","Swami Sharnanand Sahitya","स्वामी शरणानन्द जी महाराज"
"प्रश्नोत्तरी संतवाणी - 1.html","Swami Sharnanand Sahitya","स्वामी शरणानन्द जी महाराज"
"प्रश्नोत्तरी संतवाणी - 2.html","Swami Sharnanand Sahitya","स्वामी शरणानन्द जी महाराज"
"प्रार्थना तथा पद.html","Swami Sharnanand Sahitya","स्वामी शरणानन्द जी महाराज"
"प्रेरणा पथ.html","Swami Sharnanand Sahitya","स्वामी शरणानन्द जी महाराज"
"मंगलमय विधान.html","Swami Sharnanand Sahitya","स्वामी शरणानन्द जी महाराज"
"मानव की मांग.html","Swami Sharnanand Sahitya","स्वामी शरणानन्द जी महाराज"
"मानव सेवा संघ परिचय.html","Swami Sharnanand Sahitya","स्वामी शरणानन्द जी महाराज"
"मानवता के मूल सिधान्त.html","Swami Sharnanand Sahitya","स्वामी शरणानन्द जी महाराज"
"मानव–दर्शन.html","Swami Sharnanand Sahitya","स्वामी शरणानन्द जी महाराज"
"मूक-सत्संग तया नित्य-योग.html","Swami Sharnanand Sahitya","स्वामी शरणानन्द जी महाराज"
"मैं की खोज.html","Swami Sharnanand Sahitya","स्वामी शरणानन्द जी महाराज"
"रजत जयन्ती स्मारिका.html","Swami Sharnanand Sahitya","स्वामी शरणानन्द जी महाराज"
"सत्संग और साधन.html","Swami Sharnanand Sahitya","स्वामी शरणानन्द जी महाराज"
"सन्त उद्बोधन.html","Swami Sharnanand Sahitya","स्वामी शरणानन्द जी महाराज"
"सन्त-जीवन-दर्पण.html","Swami Sharnanand Sahitya","स्वामी शरणानन्द जी महाराज"
"सन्त पत्रावली - 1.html","Swami Sharnanand Sahitya","स्वामी शरणानन्द जी महाराज"
"सन्त पत्रावली - 2.html","Swami Sharnanand Sahitya","स्वामी शरणानन्द जी महाराज"
"सन्त पत्रावली - 3.html","Swami Sharnanand Sahitya","स्वामी शरणानन्द जी महाराज"
"सन्त वाणी   -Cassette Reference.html","Swami Sharnanand Sahitya","स्वामी शरणानन्द जी महाराज"
"सन्त वाणी भाग -1.html","Swami Sharnanand Sahitya","स्वामी शरणानन्द जी महाराज"
"सन्त वाणी भाग -2.html","Swami Sharnanand Sahitya","स्वामी शरणानन्द जी महाराज"
"सन्त वाणी भाग -3.html","Swami Sharnanand Sahitya","स्वामी शरणानन्द जी महाराज"
"सन्त वाणी भाग -4.html","Swami Sharnanand Sahitya","स्वामी शरणानन्द जी महाराज"
"सन्त वाणी भाग -5B.html","Swami Sharnanand Sahitya","स्वामी शरणानन्द जी महाराज"
"सन्त वाणी भाग -6.html","Swami Sharnanand Sahitya","स्वामी शरणानन्द जी महाराज"
"सन्त वाणी भाग -7.html","Swami Sharnanand Sahitya","स्वामी शरणानन्द जी महाराज"
"सन्त वाणी भाग -8.html","Swami Sharnanand Sahitya","स्वामी शरणानन्द जी महाराज"
"सन्त वाणी भाग- 5A.html","Swami Sharnanand Sahitya","स्वामी शरणानन्द जी महाराज"
"सन्त समागम भाग - 1.html","Swami Sharnanand Sahitya","स्वामी शरणानन्द जी महाराज"
"सन्त समागम भाग - 2.html","Swami Sharnanand Sahitya","स्वामी शरणानन्द जी महाराज"
"सन्त समागम भाग - 3.html","Swami Sharnanand Sahitya","स्वामी शरणानन्द जी महाराज"
"सन्त सौरभ (सन्त वाणी ).html","Swami Sharnanand Sahitya","स्वामी शरणानन्द जी महाराज"
"सन्त हृदयोद्गार.html","Swami Sharnanand Sahitya","स्वामी शरणानन्द जी महाराज"
"साधन-तत्त्व.html","Swami Sharnanand Sahitya","स्वामी शरणानन्द जी महाराज"
"साधन-त्रिवेणी.html","Swami Sharnanand Sahitya","स्वामी शरणानन्द जी महाराज"
"साधन-निधि.html","Swami Sharnanand Sahitya","स्वामी शरणानन्द जी महाराज"
"शिव-आराधना.html","Stotra evam Naamavali","गीताप्रेस गोरखपुर"
"u_बृहदारण्यकोपनिषत्.html","Siksha evam Katha",""
"अच्छे बनो.html","Pravachan","श्रद्धेय स्वामी श्रीरामसुखदासजी महाराज"
"अध्यात्म-पथ-प्रदर्शक.html","Siksha evam Katha","स्वामी चिदानन्द सरस्वती"
"अध्यात्मरामायण.html","Itihasas","अनुवादक-श्रीमुनिलाल गुप्त"
"अध्यात्मविषयक पत्र.html","Pravachan","श्रद्धेय श्रीजयदयालजी गोयन्दका"
"अनन्य भक्तिसे भगवत्प्राप्ति.html","Pravachan","श्रद्धेय श्रीजयदयालजी गोयन्दका"
"अनन्यभक्ति कैसे प्राप्त हो.html","Pravachan","श्रद्धेय श्रीजयदयाल गोयन्दका"
"अनुराग पदावली.html","Bajans","अनुवादक—सुदर्शन सिंह"
"अनुस्मृति.html","Siksha evam Katha",""
"अन्त्यकर्म श्राद्धप्रकाश.html","Nitya Puja evam Karmakand",""
"अपात्रको भी भगवत्प्राप्ति.html","Pravachan","श्रद्धेय श्रीजयदयाल गोयन्दका"
"अमरता की ओर.html","Pravachan","श्रद्धेय स्वामी श्रीरामसुखदासजी महाराज"
"अमूल्य वचन.html","Pravachan","श्रद्धेय श्रीजयदयालजी गोयन्दका"
"अमूल्य शिक्षा.html","Pravachan","श्रद्धेय श्रीजयदयालजी गोयन्दका"
"अमूल्य समय का सदुपयोग.html","Pravachan","श्रद्धेय श्रीजयदयालजी गोयन्दका"
"अमृत कण.html","Pravachan","श्रद्धेय श्रीहनुमानप्रसादजी पोद्दार"
"अमृत के घूँट.html","Siksha evam Katha","डॉ० रामचरण महेन्द्र"
"अमृत बिन्दु.html","Pravachan","श्रद्धेय स्वामी श्रीरामसुखदासजी महाराज"
"अमृत वचन.html","Pravachan","श्रद्धेय श्रीजयदयाल गोयन्दका"
"अवतार का सिद्धान्त.html","Pravachan","श्रद्धेय श्रीजयदयालजी गोयन्दका"
"अष्टावक्रगीता.html","Gita",""
"असीम नीचता और असीम साधुता.html","Siksha evam Katha",""
"आचार्य के सदुपेदश.html","Siksha evam Katha",""
"आत्मकल्याण के विविध उपाय.html","Pravachan","श्रद्धेय श्रीजयदयालजी गोयन्दका"
"आत्मोद्धारके सरल उपाय.html","Pravachan","श्रद्धेय श्रीजयदयालजी गोयन्दका"
"आत्मोद्धारके साधन.html","Pravachan","श्रद्धेय श्रीजयदयालजी गोयन्दका"
"आदर्श उपकार.html","Siksha evam Katha",""
"आदर्श कहानियाँ.html","Pravachan","श्रद्धेय स्वामी श्रीरामसुखदासजी महाराज"
"आदर्श देवियाँ.html","Pravachan","श्रद्धेय श्रीजयदयालजी गोयन्दका"
"आदर्श नारी सुशीला.html","Pravachan","श्रद्धेय श्रीजयदयालजी गोयन्दका"
"आदर्श भक्त.html","Siksha evam Katha",""
"आदर्श भ्रातृ प्रेम.html","Pravachan","श्रद्धेय श्रीजयदयालजी गोयन्दका"
"आदर्श मानव हृदय.html","Siksha evam Katha",""
"आध्यात्मिक कहानियाँ.html","Siksha evam Katha","सुदर्शनसिंह ‘चक्र’"
"आध्यात्मिक प्रवचन.html","Pravachan","श्रद्धेय श्रीजयदयाल गोयन्दका"
"आनन्द का स्वरूप.html","Pravachan","श्रद्धेय श्रीहनुमानप्रसादजी पोद्दार"
"आनन्द की लहरें.html","Pravachan","श्रद्धेय श्रीहनुमानप्रसादजी पोद्दार"
"आनन्द कैसे मिले.html","Pravachan","श्रद्धेय श्रीजयदयालजी गोयन्दका"
"आनन्द मार्ग.html","Siksha evam Katha","चौधरी रघुनन्दनप्रसाद सिंह"
"आनन्दमय जीवन.html","Siksha evam Katha","डॉ. रामचरण महेंद्र"
"आरती-संग्रह.html","Pravachan","सम्पादक—श्रद्धेय श्रीहनुमानप्रसादजी पोद्दार"
"आवश्यक शिक्षा.html","Pravachan","श्रद्धेय स्वामी श्रीरामसुखदासजी महाराज"
"आवागमन से मुक्ति.html","Pravachan","श्रद्धेय श्रीजयदयाल गोयन्दका"
"इसी जन्ममें परमात्मप्राप्ति.html","Pravachan","श्रद्धेय श्रीजयदयाल गोयन्दका"
"ईशावास्योपनिषद्.html","Upanishad","व्याख्याकार—हरिकृष्णदास गोयन्दका"
"केनोपनिषद्.html","Upanishad","व्याख्याकार—हरिकृष्णदास गोयन्दका"
"कठोपनिषद्.html","Upanishad","व्याख्याकार—हरिकृष्णदास गोयन्दका"
"प्रश्नोपनिषद्.html","Upanishad","भाष्यकार—जगद्गुरु आदि शंकराचार्य"
"मुण्डकोपनिषद्.html","Upanishad","व्याख्याकार—हरिकृष्णदास गोयन्दका"
"माण्डूक्योपनिषद्.html","Upanishad","व्याख्याकार—हरिकृष्णदास गोयन्दका"
"ऐतरेयोपनिषद्.html","Upanishad","व्याख्याकार—हरिकृष्णदास गोयन्दका"
"तैत्तिरीयोपनिषद्.html","Upanishad","व्याख्याकार—हरिकृष्णदास गोयन्दका"
"श्वेताश्वतरोपनिषद्.html","Upanishad","व्याख्याकार—हरिकृष्णदास गोयन्दका"
"ईश्वर और संसार.html","Pravachan","श्रद्धेय श्रीजयदयालजी गोयन्दका"
"ईश्वर की सत्ता और महत्ता.html","Pravachan","सम्पादक – श्रद्धेय श्रीहनुमानप्रसादजी पोद्दार"
"ईश्वर दयालु और न्यायकारी है.html","Pravachan","श्रद्धेय श्रीजयदयालजी गोयन्दका"
"ईश्वर.html","Siksha evam Katha","महामना मदनमोहन मालवीय"
"ईश्वरसाक्षात्कार के लिये नाम-जप सर्वोपरि साधन है.html","Pravachan","श्रद्धेय श्रीजयदयालजी गोयन्दका"
"उद्धव संदेश.html","Siksha evam Katha","लेखक—डॉ० महानामव्रत ब्रह्मचारी"
"उद्धार कैसे हो.html","Pravachan","श्रद्धेय श्रीजयदयालजी गोयन्दका"
"उपदेशप्रद कहानियाँ.html","Pravachan","श्रद्धेय श्रीजयदयालजी गोयन्दका"
"उपनिषदों के चौदह रत्न.html","Pravachan","श्रद्धेय श्रीहनुमानप्रसादजी पोद्दार"
"एक नयी बात.html","Pravachan","श्रद्धेय स्वामी श्रीरामसुखदासजी महाराज"
"एक महात्मा का प्रसाद.html","Siksha evam Katha",""
"एक महापुरुषके अनुभवकी बातें.html","Pravachan","श्रद्धेय श्रीजयदयालजी गोयन्दका"
"एक लोटा पानी.html","Siksha evam Katha",""
"एक संत की वसीयत.html","Pravachan","श्रद्धेय स्वामी श्रीरामसुखदासजी"
"एकादशी व्रत का माहात्म्य.html","Nitya Puja evam Karmakand",""
"एकै साधै सब सधै.html","Pravachan","श्रद्धेय स्वामी श्रीरामसुखदासजी महाराज"
"कर्णवास का सत्संग.html","Pravachan","श्रद्धेय श्रीजयदयाल गोयन्दका"
"कर्म रहस्य.html","Pravachan","श्रद्धेय स्वामी श्रीरामसुखदासजी महाराज"
"कर्मयोग का तत्त्व.html","Pravachan","श्रद्धेय श्रीजयदयालजी गोयन्दका"
"कलेजे के अक्षर.html","Siksha evam Katha",""
"कल्याण कुंज.html","Pravachan","श्रद्धेय श्रीहनुमानप्रसादजी पोद्दार"
"कल्याण पथ.html","Pravachan","श्रद्धेय स्वामी श्रीरामसुखदासजी महाराज"
"कल्याण प्राप्ति के उपाय.html","Pravachan","श्रद्धेय श्रीजयदयालजी गोयन्दका"
"कल्याण_भक्त-चरिताङ्क.html","Siksha evam Katha",""
"कल्याणकारी आचरण.html","Pravachan","श्रद्धेय श्रीहनुमानप्रसादजी पोद्दार"
"कल्याणकारी दोहा संग्रह.html","Siksha evam Katha",""
"कल्याणकारी प्रवचन.html","Pravachan","श्रद्धेय स्वामी श्रीरामसुखदासजी"
"कवितावली.html","Siksha evam Katha","अनुवादक— इन्द्रदेवनारायण"
"किसान और गाय.html","Pravachan","श्रद्धेय स्वामी श्रीरामसुखदासजी महाराज"
"क्या करें क्या न करें.html","Siksha evam Katha",""
"क्या गुरु बिना मुक्ति नहीं.html","Pravachan","श्रद्धेय स्वामी श्रीरामसुखदासजी महाराज"
"गंगालहरी.html","Siksha evam Katha",""
"गजलगीता.html","Gita",""
"गजेंद्रमोक्ष.html","Stotra evam Naamavali","टीकाकार—हनुमानप्रसाद पोद्दार"
"गणेशस्तोत्ररत्नाकर (2).html","Stotra evam Naamavali",""
"गणेशस्तोत्ररत्नाकर.html","Stotra evam Naamavali",""
"गयाश्राद्धपद्धति_माहात्म्य तथा_गयायात्राविधानसहित.html","Nitya Puja evam Karmakand",""
"गीता के परम प्रचारक.html","Pravachan",""
"गीता ज्ञान प्रवेशिका.html","Gita","श्रद्धेय स्वामी श्रीरामसुखदासजी महाराज"
"गीता दर्पण.html","Gita","श्रद्धेय स्वामी श्रीरामसुखदासजी महाराज"
"गीता पढ़ने के लाभ.html","Gita","श्रद्धेय श्रीजयदयालजी गोयन्दका"
"गीता बाल प्रश्नोत्तरी.html","Gita",""
"गीता माधुर्य.html","Gita","श्रद्धेय स्वामी श्रीरामसुखदासजी"
"गीता माधुर्यम्.html","Gita","श्रद्धेय स्वामी श्रीरामसुखदासजी महाराज"
"गीता संग्रह.html","Gita",""
"गीता-निबन्धावली.html","Gita","श्रद्धेय जयदयालजी गोयन्दका"
"गीता-प्रबोधनी.html","Gita","श्रद्धेय स्वामी श्रीरामसुखदासजी महाराज"
"गीतावली.html","Gita",""
"गीतोक्त संन्यास या सांख्ययोग का स्वरूप.html","Pravachan","श्रद्धेय श्रीजयदयालजी गोयन्दका"
"गुरु और माता-पिता के भक्त बालक.html","Balaupayogi",""
"गृहस्थमें कैसे रहें.html","Pravachan","श्रद्धेय स्वामी श्रीरामसुखदासजी"
"गो सेवा के चमत्कार.html","Pravachan","सम्पादक – श्रद्धेय श्रीहनुमानप्रसादजी पोद्दार"
"गोपी प्रेम.html","Pravachan","श्रद्धेय श्रीहनुमानप्रसादजी पोद्दार"
"गोवध भारत का कलंक.html","Pravachan","श्रद्धेय श्रीहनुमानप्रसादजी पोद्दार"
"चिन्ता शोक कैसे मिटें.html","Pravachan","श्रद्धेय श्रीजयदयालजी गोयन्दका"
"चेतावनी और सामयिक चेतावनी.html","Pravachan","श्रद्धेय श्रीजयदयालजी गोयन्दका"
"चेतावनी पद संग्रह.html","Siksha evam Katha",""
"चोखी कहानियाँ.html","Siksha evam Katha",""
"जन्म-मरण से छुटकारा.html","Pravachan","श्रद्धेय श्रीजयदयालजी गोयन्दका"
"जानकी मंगल.html","Siksha evam Katha",""
"जित देखूँ तित तू.html","Pravachan","श्रद्धेय स्वामी श्रीरामसुखदासजी महाराज"
"जिन खोजा तिन पाइया.html","Pravachan","श्रद्धेय स्वामी श्रीरामसुखदासजी महाराज"
"जीवन का कर्तव्य.html","Pravachan","श्रद्धेय स्वामी श्रीरामसुखदासजी महाराज"
"जीवन का सत्य.html","Pravachan","श्रद्धेय स्वामी श्रीरामसुखदासजी महाराज"
"जीवन में नया प्रकाश.html","Siksha evam Katha","डॉ० रामचरण महेन्द्र"
"जीवन संजीवनी.html","Siksha evam Katha","डॉ० श्रीराजारामजी गुप्ता"
"जीवन सुधार की बातें.html","Siksha evam Katha","श्रद्धेय श्री जयदयालजी गोयन्दका"
"जीवनचर्या विज्ञान.html","Siksha evam Katha","स्वामी शंकरानन्द सरस्वती"
"जीवनोपयोगी कल्याण मार्ग.html","Pravachan","श्रद्धेय स्वामी श्रीरामसुखदासजी महाराज"
"जीवनोपयोगी प्रवचन.html","Pravachan","श्रद्धेय स्वामी श्रीरामसुखदासजी महाराज"
"जैमिनीकृत महाभारतमें भक्तोंकी गाथा.html","Siksha evam Katha",""
"ज्ञान के दीप जले.html","Pravachan","श्रद्धेय स्वामी श्रीरामसुखदासजी महाराज"
"ज्ञान मणि माला.html","Siksha evam Katha","श्रीमगनलाल हरिभाई व्यास"
"ज्ञानयोग का तत्त्व.html","Pravachan","श्रद्धेय श्रीजयदयालजी गोयन्दका"
"तत्त्वचिन्तामणि.html","Pravachan","श्रद्धेय श्रीजयदयालजी गोयन्दका"
"तत्त्वज्ञान कैसे हो.html","Pravachan","श्रद्धेय स्वामी श्रीरामसुखदासजी महाराज"
"तत्त्वविचार.html","Siksha evam Katha","श्रीज्वालाप्रसादजी कानोड़िया"
"तर्पण विधि.html","Nitya Puja evam Karmakand",""
"तात्त्विक प्रवचन.html","Pravachan","श्रद्धेय स्वामी श्रीरामसुखदासजी महाराज"
"तुलसी दल.html","Pravachan","श्रद्धेय श्रीहनुमानप्रसादजी पोद्दार"
"तू ही तू.html","Pravachan","श्रद्धेय स्वामी श्रीरामसुखदासजी महाराज"
"त्याग की महिमा.html","Pravachan","श्रद्धेय श्रीजयदयालजी गोयन्दका"
"त्याग से भगवत्प्राप्ति.html","Pravachan","श्रद्धेय श्रीजयदयालजी गोयन्दका"
"त्रिपिण्डीश्राद्धपद्धति.html","Nitya Puja evam Karmakand","प्रणेता— पं० श्रीरामकृष्णजी शास्त्री"
"दत्तात्रेय वज्र कवच.html","Stotra evam Naamavali",""
"दाम्पत्य जीवन का आदर्श.html","Pravachan","श्रद्धेय श्रीहनुमानप्रसादजी पोद्दार"
"दिव्य सन्देश.html","Pravachan","श्रद्धेय श्रीहनुमानप्रसादजी पोद्दार"
"दिव्य सुख की सरिता.html","Pravachan","श्रद्धेय श्रीहनुमानप्रसादजी पोद्दार"
"दीन-दुखियों के प्रति कर्तव्य.html","Pravachan","श्रद्धेय श्रीहनुमानप्रसादजी पोद्दार"
"दुःखोंका नाश कैसे हो.html","Pravachan","श्रद्धेय श्रीजयदयालजी गोयन्दका"
"दुख क्यों होते हैं.html","Pravachan","श्रद्धेय श्रीहनुमानप्रसादजी पोद्दार"
"दुख में भगवत्कृपा.html","Pravachan","श्रद्धेय श्रीहनुमानप्रसादजी पोद्दार"
"दुर्गति से बचो.html","Pravachan","श्रद्धेय स्वामी श्रीरामसुखदासजी महाराज"
"देवर्षि नारद.html","Siksha evam Katha","चतुर्वेदी पं० श्रीद्वारकाप्रसाद शर्मा"
"देवीस्तोत्ररत्नाकर.html","Stotra evam Naamavali",""
"देश की वर्तमान दशा तथा उसका परिणाम.html","Pravachan","श्रद्धेय स्वामी श्रीरामसुखदासजी महाराज"
"दैनिक कल्याण सूत्र.html","Pravachan","श्रद्धेय श्रीहनुमानप्रसादजी पोद्दार"
"दोहावली.html","Pravachan","अनुवादक—श्रद्धेय श्रीहनुमानप्रसादजी पोद्दार"
"धर्म के नाम पर पाप.html","Pravachan","श्रद्धेय श्रीजयदयालजी गोयन्दका"
"धर्म क्या है.html","Pravachan","श्रद्धेय श्रीजयदयालजी गोयन्दका"
"धर्मसे लाभ और अधर्म से हानि.html","Pravachan","श्रद्धेय श्रीजयदयालजी गोयन्दका"
"ध्यान और मानसिक पूजा.html","Pravachan","श्रद्धेय श्रीजयदयालजी गोयन्दका"
"ध्यानावस्था में प्रभु से वार्तालाप.html","Pravachan","श्रद्धेय श्रीजयदयालजी गोयन्दका"
"नल दमयन्ती.html","Pravachan","श्रद्धेय श्रीजयदयालजी गोयन्दका"
"नवधा भक्ति.html","Pravachan","श्रद्धेय श्रीजयदयालजी गोयन्दका"
"नाम जप की महिमा.html","Pravachan","श्रद्धेय स्वामी श्रीरामसुखदासजी महाराज"
"नारद भक्ति सूत्र.html","Siksha evam Katha",""
"नारी धर्म.html","Pravachan","श्रद्धेय श्रीजयदयालजी गोयन्दका"
"नारी-शिक्षा.html","Pravachan","श्रद्धेय श्रीहनुमानप्रसादजी पोद्दार"
"नित्यकर्म-पूजाप्रकाश (2).html","Nitya Puja evam Karmakand","परमाचार्य पं. श्रीरामभवनजी मिश्र"
"नित्यकर्म-पूजाप्रकाश.html","Nitya Puja evam Karmakand","परमाचार्य पं. श्रीरामभवनजी मिश्र"
"नित्यकर्म-प्रयोग.html","Nitya Puja evam Karmakand","सम्पादक—"
"नित्ययोग की प्राप्ति.html","Pravachan","श्रद्धेय स्वामी श्रीरामसुखदासजी महाराज"
"निष्काम श्रद्धा और प्रेम.html","Pravachan","श्रद्धेय श्रीजयदयालजी गोयन्दका"
"निष्कामभाव से भगवत्प्राप्ति.html","Pravachan","श्रद्धेय श्रीजयदयालजी गोयन्दका"
"नेत्रों में भगवान् को बसा लें.html","Pravachan","श्रद्धेय श्रीजयदयाल गोयन्दका"
"नैवेद्य.html","Pravachan","श्रद्धेय श्रीहनुमानप्रसादजी पोद्दार"
"पंचदेव अथर्वशीर्ष संग्रह.html","Siksha evam Katha",""
"पद-रत्नाकर.html","Bajans","श्रद्धेय श्रीहनुमानप्रसादजी पोद्दार"
"पदच्छेद.html","Siksha evam Katha",""
"पद्मपुरा.html","Pravachan","सम्पादक तथा संशोधक– श्रद्धेय श्रीजयदयालजी गोयन्दका"
"परम पिता से प्रार्थना.html","Pravachan","श्रद्धेय स्वामी श्रीरामसुखदासजी महाराज"
"परम शान्ति का मार्ग.html","Pravachan","श्रद्धेय श्रीजयदयालजी गोयन्दका"
"परम साधन.html","Pravachan","श्रद्धेय श्रीजयदयालजी गोयन्दका"
"परम सेवा.html","Pravachan","श्रद्धेय श्रीजयदयालजी गोयन्दका"
"परमानन्द की खेती.html","Pravachan","श्रद्धेय श्रीजयदयालजी गोयन्दका"
"परमार्थ की मन्दाकिनी.html","Pravachan","श्रद्धेय श्रीहनुमानप्रसादजी पोद्दार"
"परमार्थ सूत्र संग्रह.html","Pravachan","श्रद्धेय श्रीजयदयालजी गोयन्दका"
"परलोक और पुनर्जन्म.html","Pravachan","श्रद्धेय श्रीजयदयालजी गोयन्दका"
"परलोक और पुनर्जन्मकी सत्य घटनाएँ.html","Siksha evam Katha","भक्त रामशरणदास पिलखुआ"
"परोपकार और सच्चाई का फल.html","Siksha evam Katha",""
"पाण्डवगीता.html","Gita",""
"पातञ्जलयोगदर्शन.html","Siksha evam Katha","हरिकृष्णदास गोयन्दका"
"पातञ्जलयोगप्रदीप.html","Siksha evam Katha","ग्रन्थकार—श्रीस्वामी ओमानन्द तीर्थ"
"पारमार्थिक पत्र.html","Pravachan","श्रद्धेय श्रीजयदयालजी गोयन्दका"
"पार्वती मंगल.html","Siksha evam Katha",""
"पिता की सीख.html","Siksha evam Katha","श्री हनुमानप्रसाद गोयल"
"पुरुषोत्तमसहस्रनामस्तोत्रम्.html","Stotra evam Naamavali",""
"पूजा के फूल.html","Nitya Puja evam Karmakand","व्याख्याकार—भूपेन्द्रनाथ देवशर्मा"
"पूर्ण-समर्पण_भगवच्चर्चा भाग-६.html","Pravachan","श्रद्धेय श्रीहनुमानप्रसादजी पोद्दार"
"पौराणिक कथाएँ.html","Siksha evam Katha",""
"पौराणिक कहानियाँ.html","Siksha evam Katha",""
"प्रतिकूलता में प्रसन्नता.html","Pravachan","श्रद्धेय श्रीजयदयालजी गोयन्दका"
"प्रत्यक्ष भगवद्दर्शन के उपाय.html","Pravachan","श्रद्धेय श्रीजयदयालजी गोयन्दका"
"प्रश्नोत्तर मणिमाला.html","Pravachan","श्रद्धेय स्वामी श्रीरामसुखदासजी महाराज"
"प्रश्नोत्तरी.html","Siksha evam Katha","स्वामिश्रीशंकराचार्यरचित"
"प्राचीन भक्त.html","Siksha evam Katha",""
"प्रार्थना.html","Pravachan","श्रद्धेय श्रीहनुमानप्रसादजी पोद्दार"
"प्रेम का सच्चा स्वरूप.html","Pravachan","श्रद्धेय श्रीजयदयालजी गोयन्दका"
"प्रेम के वश में भगवान्.html","Pravachan","श्रद्धेय श्रीजयदयालजी गोयन्दका"
"प्रेम दर्शन (नारद भक्ति सूत्र की व्याख्या).html","Pravachan","श्रद्धेय श्रीहनुमानप्रसादजी पोद्दार"
"प्रेम में विलक्षण एकता.html","Pravachan","श्रद्धेय श्रीजयदयालजी गोयन्दका"
"प्रेम योग.html","Siksha evam Katha","वियोगी हरि"
"प्रेम सत्संग सुधा माला.html","Siksha evam Katha",""
"प्रेमयोग का तत्त्व.html","Pravachan","श्रद्धेय श्रीजयदयालजी गोयन्दका"
"प्रेमी भक्त उद्धव.html","Siksha evam Katha","श्रीशान्तनुविहारीजी द्विवेदी"
"प्रेमी भक्त.html","Siksha evam Katha",""
"प्रेरक कहानियाँ.html","Pravachan","श्रद्धेय स्वामी श्रीरामसुखदासजी महाराज"
"बड़ोंके जीवन से शिक्षा.html","Siksha evam Katha",""
"बलिवैश्वदेव-विधि.html","Nitya Puja evam Karmakand",""
"बाल अमृत वचन.html","Balaupayogi",""
"बाल प्रश्नोत्तरी.html","Balaupayogi",""
"बाल शिक्षा.html","Pravachan","श्रद्धेय श्रीजयदयालजी गोयन्दका"
"बालकों की बोलचाल.html","Balaupayogi",""
"बालकों के कर्तव्य.html","Pravachan","श्रद्धेय श्रीजयदयालजी गोयन्दका"
"ब्रह्मचर्य.html","Pravachan","श्रद्धेय श्रीहनुमानप्रसादजी पोद्दार"
"भक्त कुसुम.html","Siksha evam Katha",""
"भक्त चन्द्रिका.html","Siksha evam Katha",""
"भक्त दिवाकर.html","Siksha evam Katha",""
"भक्त नरसिंह मेहता प्रथम पृष्ठ.html","Siksha evam Katha",""
"भक्त नरसिंह मेहता.html","Siksha evam Katha",""
"भक्त नारी.html","Siksha evam Katha",""
"भक्त बालक.html","Balaupayogi","गीता प्रेस के मूल ग्रंथ — सरल एवं सुगम पठन के लिए नवीन प्रस्तुति।"
"भक्त महिलारत्न.html","Siksha evam Katha",""
"भक्त रत्नाकर .html","Siksha evam Katha",""
"भक्त सरोज.html","Siksha evam Katha",""
"भक्त सुधाकर.html","Siksha evam Katha",""
"भक्त सुमन.html","Siksha evam Katha",""
"भक्त सौरभ.html","Siksha evam Katha",""
"भक्त-पंचरत्न.html","Siksha evam Katha",""
"भक्त-सप्तरत्न.html","Siksha evam Katha",""
"भक्तराज ध्रुव.html","Siksha evam Katha","श्री शान्तनुविहारी जी द्विवेदी"
"भक्तराज हनुमान्.html","Siksha evam Katha","श्रीशान्तनुविहारीजी द्विवेदी"
"भक्ति भक्त भगवान्.html","Pravachan","श्रद्धेय श्रीजयदयालजी गोयन्दका"
"भक्ति सुधा.html","Siksha evam Katha","प्रणेता—स्वामी श्रीकरपात्रीजी महाराज"
"भगवच्चर्चा (भाग-५).html","Pravachan","श्रद्धेय श्रीहनुमानप्रसादजी पोद्दार"
"भगवच्चर्चा (सभी छहों भाग एक साथ).html","Pravachan","श्रद्धेय श्रीहनुमानप्रसादजी पोद्दार"
"भगवच्चर्चा.html","Pravachan","श्रद्धेय श्रीहनुमानप्रसादजी पोद्दार"
"भगवत्तत्त्व.html","Pravachan","श्रद्धेय स्वामी श्रीरामसुखदासजी महाराज"
"भगवत्पथ दर्शन.html","Pravachan","श्रद्धेय श्रीजयदयाल गोयन्दका"
"भगवत्प्राप्ति एवं हिंदू संस्कृति.html","Pravachan","श्रद्धेय श्रीहनुमानप्रसादजी पोद्दार"
"भगवत्प्राप्ति कठिन नहीं.html","Pravachan","श्रद्धेय श्रीजयदयालजी गोयन्दका"
"भगवत्प्राप्ति की युक्तियाँ.html","Pravachan","श्रद्धेय श्रीजयदयालजी गोयन्दका"
"भगवत्प्राप्ति की सुगमता.html","Pravachan","श्रद्धेय स्वामी श्रीरामसुखदासजी महाराज"
"भगवत्प्राप्ति के विविध उपाय.html","Pravachan","श्रद्धेय श्रीजयदयालजी गोयन्दका"
"भगवत्प्राप्ति के सुगम साधन.html","Pravachan","श्रद्धेय श्रीजयदयालजी गोयन्दका"
"भगवत्प्राप्ति कैसे ह.html","Pravachan","श्रद्धेय श्रीजयदयालजी गोयन्दका"
"भगवत्प्राप्ति सहज है.html","Pravachan","श्रद्धेय स्वामी श्रीरामसुखदासजी महाराज"
"भगवत्प्राप्तिकी अमूल्य बातें.html","Pravachan","श्रद्धेय श्रीजयदयालजी गोयन्दका"
"भगवत्प्राप्तिमें भावकी प्रधानता.html","Pravachan","श्रद्धेय श्रीजयदयालजी गोयन्दका"
"भगवत्प्रेम प्राप्ति के उपाय.html","Pravachan","श्रद्धेय श्रीजयदयालजी गोयन्दका"
"भगवत्प्रेमकी प्राप्ति कैसे हो.html","Pravachan","श्रद्धेय श्रीजयदयालजी गोयन्दका"
"भगवद्दर्शन की उत्कण्ठा.html","Pravachan","श्रद्धेय श्रीजयदयालजी गोयन्दका"
"भगवन्नाम.html","Pravachan","श्रद्धेय स्वामी श्रीरामसुखदासजी महाराज"
"भगवान_् और उनकी भक्ति.html","Pravachan","श्रद्धेय स्वामी श्रीरामसुखदासजी महाराज"
"भगवान_् के रहने के पाँच स्थान.html","Pravachan","श्रद्धेय श्रीजयदयाल गोयन्दका"
"भगवान_् के सामने सच्चा सो सच्चा.html","Siksha evam Katha",""
"भगवान_् पर विश्वास.html","Pravachan","सम्पादक – श्रद्धेय श्रीहनुमानप्रसादजी पोद्दार"
"भगवान_् से अपनापन.html","Pravachan","श्रद्धेय स्वामी श्रीरामसुखदासजी महाराज"
"भगवान् का हेतु रहित सौहार्द.html","Pravachan","श्रद्धेय श्रीजयदयालजी गोयन्दका"
"भगवान् की दया.html","Pravachan","श्रद्धेय श्रीजयदयालजी गोयन्दका"
"भगवान् की पूजा के पुष्प.html","Pravachan","श्रद्धेय श्रीहनुमानप्रसादजी पोद्दार"
"भगवान् के स्वभाव का रहस्य.html","Pravachan","श्रद्धेय श्रीजयदयालजी गोयन्दका"
"भगवान् कैसे मिलें.html","Pravachan","श्रद्धेय श्रीजयदयालजी गोयन्दका"
"भगवान् क्या है.html","Pravachan","श्रद्धेय श्रीजयदयालजी गोयन्दका"
"भगवान् श्रीकृष्ण की कृपा तथा दिव्य प्रेमकी प्राप्तिके लिये.html","Siksha evam Katha",""
"भगवान् सदा तुम्हारे साथ हैं.html","Pravachan","श्रद्धेय श्रीहनुमानप्रसादजी पोद्दार"
"भगवान्_कैसे_मिलें.html","Pravachan","श्रद्धेय श्रीजयदयालजी गोयन्दका"
"भजन-संग्रह.html","Bajans",""
"भजनामृत.html","Bajans",""
"भले का फल भला.html","Siksha evam Katha",""
"भवरोगकी रामबाण दवा.html","Pravachan","श्रद्धेय श्रीहनुमानप्रसादजी पोद्दार"
"भागवत नवनीत.html","Siksha evam Katha","सन्त श्रीरामचन्द्र केशव डोंगरेजी महाराज"
"भागवतरत्न प्रह्लाद.html","Siksha evam Katha","चतुर्वेदी पं० श्रीद्वारकाप्रसाद शर्मा"
"भागवतस्तुतिसंग्रह.html","Stotra evam Naamavali","संग्रहकर्ता तथा अनुवादक–"
"भारतीय संस्कृति तथा शास्त्रों में नारी धर्म.html","Pravachan","श्रद्धेय श्रीजयदयालजी गोयन्दका"
"भीष्मस्तवराज.html","Siksha evam Katha",""
"भूले न भुलाये.html","Siksha evam Katha","रामेश्वर टांटिया"
"मधुर.html","Pravachan","श्रद्धेय श्रीहनुमानप्रसादजी पोद्दार"
"मन को वश करने के कुछ उपाय.html","Pravachan","श्रद्धेय श्रीहनुमानप्रसादजी पोद्दार"
"मनुष्य का परम कर्तव्य.html","Pravachan","श्रद्धेय श्रीजयदयालजी गोयन्दका"
"मनुष्य जीवन का उद्देश्य.html","Pravachan","श्रद्धेय श्रीजयदयालजी गोयन्दका"
"मनुष्य जीवन की सफलता.html","Pravachan","श्रद्धेय श्रीजयदयालजी गोयन्दका"
"महत्त्वपूर्ण कल्याणकारी बातें.html","Pravachan","श्रद्धेय श्रीजयदयालजी गोयन्दका"
"महत्त्वपूर्ण चेतावनी.html","Pravachan","ब्रह्मलीन परम श्रद्धेय श्रीजयदयालजी गोयन्दका के पत्र"
"महत्त्वपूर्ण प्रश्नोत्तर.html","Pravachan","श्रद्धेय श्रीहनुमानप्रसादजी पोद्दार"
"महत्वपूर्ण शिक्षा.html","Pravachan","श्रद्धेय श्रीजयदयालजी गोयन्दका"
"महाकुम्भ पर्व.html","Siksha evam Katha",""
"महात्मा किसे कहते हैं.html","Pravachan","श्रद्धेय श्रीजयदयालजी गोयन्दका"
"महात्मा विदुर.html","Siksha evam Katha","पं० श्रीशान्तनुविहारीजी द्विवेदी"
"महात्माओं की अहैतु की दया.html","Pravachan","श्रद्धेय श्रीजयदयालजी गोयन्दका"
"महापाप से बचो.html","Pravachan","श्रद्धेय स्वामी श्रीरामसुखदासजी महाराज"
"महाभारत के कुछ आदर्श पात्र.html","Pravachan","श्रद्धेय श्रीजयदयालजी गोयन्दका"
"महाभाव कल्लोलिनी.html","Pravachan","श्रद्धेय श्रीहनुमानप्रसादजी पोद्दार"
"माघ मास माहात्म्य.html","Siksha evam Katha",""
"मातृशक्ति का घोर अपमान.html","Pravachan","श्रद्धेय स्वामी श्रीरामसुखदासजी महाराज"
"मानव कल्याण के साधन.html","Pravachan","श्रद्धेय श्रीहनुमानप्रसादजी पोद्दार"
"मानव जीवन का लक्ष्य.html","Pravachan","श्रद्धेय श्रीहनुमानप्रसादजी पोद्दार"
"मानव धर्म.html","Pravachan","श्रद्धेय श्रीहनुमानप्रसादजी पोद्दार"
"मानवता का पुजारी.html","Siksha evam Katha",""
"मानवमात्र के कल्याण के लिये.html","Pravachan","श्रद्धेय स्वामी श्रीरामसुखदासजी"
"मानस में नाम-वन्दना.html","Pravachan","श्रद्धेय स्वामी श्रीरामसुखदासजी महाराज"
"मानस रहस्य.html","Siksha evam Katha","जयरामदास ‘दीन’"
"मानस शंका समाधान.html","Siksha evam Katha","जयरामदास ‘दीन’"
"मानसिक दक्षता.html","Siksha evam Katha","श्री राजेन्द्र बिहारी लाल"
"मूर्ति पूजा.html","Pravachan","श्रद्धेय स्वामी श्रीरामसुखदासजी महाराज"
"मेरा अनुभव.html","Pravachan","श्रद्धेय श्रीजयदयालजी गोयन्दका"
"मेरे तो गिरधर गोपाल.html","Pravachan","श्रद्धेय स्वामी श्रीरामसुखदासजी महाराज"
"यह विकास है या विनाश जरा सोचिये.html","Pravachan","श्रद्धेय स्वामी श्रीरामसुखदासजी महाराज"
"रहस्यमय प्रवचन.html","Pravachan","श्रद्धेय श्रीजयदयालजी गोयन्दका"
"रामस्तवराज.html","Siksha evam Katha",""
"रामाज्ञा प्रश्न.html","Siksha evam Katha","अनुवादक— श्रीसुदर्शन सिंह"
"रामायण के कुछ आदर्श पात्र.html","Pravachan","श्रद्धेय श्रीजयदयालजी गोयन्दका"
"रुद्राष्टाध्यायी.html","Siksha evam Katha",""
"लघुसिद्धान्तकौमुदी.html","Siksha evam Katha","सेयं व्याकरणाचार्येण पण्डित श्रीनारायणदत्तत्रिपाठिना पाण्डेयोपाह्वपण्डित श्रीरामनारायणदत्तशास्त्रिणा च टिप्पणादिभि: समलङ्कृत्य सम्पादिता"
"लोक परलोक का सुधार.html","Pravachan","श्रद्धेय श्रीहनुमानप्रसादजी पोद्दार"
"वर्तमान शिक्षा.html","Pravachan","श्रद्धेय श्रीहनुमानप्रसादजी पोद्दार"
"वासुदेव सर्वम्.html","Pravachan","श्रद्धेय स्वामी श्रीरामसुखदासजी महाराज"
"वास्तविक त्याग.html","Pravachan","संपादक – श्रद्धेय श्रीजयदयालजी गोयन्दका"
"वास्तविक सुख.html","Pravachan","श्रद्धेय स्वामी श्रीरामसुखदासजी महाराज"
"विदुरनीति.html","Siksha evam Katha",""
"विनय-पत्रिका.html","Siksha evam Katha",""
"विरह पदावली.html","Bajans","अनुवादक—सुदर्शन सिंह"
"विवाह में दहेज.html","Pravachan","श्रद्धेय श्रीहनुमानप्रसादजी पोद्दार"
"विवेक चूडामणि.html","Vedant","अनुवादक—मुनिलाल"
"वीर बालक.html","Balaupayogi",""
"वेदान्त-दर्शन (ब्रह्मसूत्र).html","Vedant","व्याख्याकार—हरिकृष्णदास गोयन्दका"
"योग-दर्शन.html","Vedant","टीकाकार—हरिकृष्णदास गोयन्दका"
"वैदिक सूक्त संग्रह.html","Siksha evam Katha",""
"वैराग्य संदीपनी.html","Siksha evam Katha",""
"वैराग्य.html","Pravachan","श्रद्धेय श्रीजयदयालजी गोयन्दका"
"वैशाख कार्तिक माघ मास माहात्म्य.html","Siksha evam Katha",""
"व्यवहार और परमार्थ.html","Pravachan","श्रद्धेय श्रीहनुमानप्रसादजी पोद्दार"
"व्यवहार दर्शन पीयूष.html","Siksha evam Katha","श्रद्धेय ब्रह्मचारी श्रीत्र्यम्बकेश्वरजी महाराज"
"व्यवहार सुधार और परमार्थ.html","Pravachan","श्रद्धेय श्रीजयदयालजी गोयन्दका"
"व्यवहारमें परमार्थकी कला.html","Pravachan","श्रद्धेय श्रीजयदयालजी गोयन्दका"
"व्यापार सुधार की आवश्यकता.html","Pravachan","श्रद्धेय श्रीजयदयालजी गोयन्दका"
"व्रत परिचय.html","Nitya Puja evam Karmakand","पं० हनूमान शर्मा"
"अनंत चतुर्दशी व्रत महत्व व पूजा विधि एवं कथा.html","Nitya Puja evam Karmakand",""
"शक्तिपीठ दर्शन.html","Teerth Sthal",""
"शतनामस्तोत्रसंग्रह.html","Stotra evam Naamavali",""
"शतश्लोकी.html","Siksha evam Katha",""
"शरणागति.html","Pravachan","श्रद्धेय स्वामी श्रीरामसुखदासजी महाराज"
"शाण्डिल्य-भक्ति-सूत्र.html","Siksha evam Katha",""
"शान्ति का उपाय.html","Pravachan","श्रद्धेय श्रीजयदयाल गोयन्दका"
"शान्ति कैसे मिले.html","Pravachan","श्रद्धेय श्रीहनुमानप्रसादजी पोद्दार"
"शिक्षाप्रद ग्यारह कहानियाँ.html","Pravachan","श्रद्धेय श्रीजयदयालजी गोयन्दका"
"शिक्षाप्रद पत्र.html","Pravachan","श्रद्धेय श्रीजयदयालजी गोयन्दका"
"शिखा (चोटी) धारणकी आवश्यकता.html","Pravachan","श्रद्धेय स्वामी श्रीरामसुखदासजी"
"शिव स्मरण.html","Siksha evam Katha","सुदर्शनसिंह ‘चक्र’"
"शिवमहिम्नस्तोत्र.html","Stotra evam Naamavali",""
"शीघ्र कल्याण के सोपान.html","Pravachan","श्रद्धेय श्रीजयदयालजी गोयन्दका"
"शोक नाश के उपाय.html","Pravachan","श्रद्धेय श्रीजयदयालजी गोयन्दका"
"श्रद्धा विश्वास और प्रेम.html","Pravachan","श्रद्धेय श्रीजयदयालजी गोयन्दका"
"श्रावणमासमाहात्म्य.html","Siksha evam Katha",""
"श्री एकनाथ चरित्र.html","Siksha evam Katha",""
"श्री गर्ग संहिता.html","Siksha evam Katha","अनुवादक— पं० श्रीरामनारायणदत्तजी शास्त्री पाण्डेय ‘राम’, पं० श्रीगदाधरजी शर्मा एवं पं० श्रीरामाधारजी शुक्ल"
"श्री प्रेम सुधा सागर.html","Siksha evam Katha",""
"श्री भगवन्नाम-चिन्तन.html","Pravachan","श्रद्धेय श्रीहनुमानप्रसादजी पोद्दार"
"श्री राम चिन्तन.html","Pravachan","श्रद्धेय श्रीहनुमानप्रसादजी पोद्दार"
"श्री सत्यनारायण व्रत कथा.html","Nitya Puja evam Karmakand",""
"श्री सीताराम भजन.html","Bajans",""
"श्रीआद्यशंकराचार्यविरचित अपरोक्षानुभूति.html","Siksha evam Katha","अनुवादक—मुनिलाल"
"श्रीकृष्ण गीतावली.html","Bajans",""
"श्रीरामचरितमानस.html","Itihasas","टीकाकार—हनुमानप्रसाद पोद्दार"
"श्रीकृष्ण बाल माधुरी.html","Balaupayogi","अनुवादक—सुदर्शन सिंह"
"श्रीगङ्गासहस्रनामस्तोत्रम्.html","Stotra evam Naamavali",""
"श्रीगणेशसहस्रनामस्तोत्रम्.html","Stotra evam Naamavali",""
"श्रीगोविन्ददामोदरस्तोत्रम्.html","Stotra evam Naamavali",""
"श्रीजैमिनीयाश्वमेधपर्व.html","Siksha evam Katha","अनुवादक - पण्डित रामाधार शुक्ल शास्त्री"
"श्रीतुकाराम-चरित्र.html","Siksha evam Katha",""
"श्रीदुर्गाचालीसा एवं श्रीविन्ध्येश्वरीचालीसा.html","Stotra evam Naamavali",""
"श्रीदुर्गासप्तशती (2).html","Siksha evam Katha","अनुवादक—पाण्डेय पं० श्रीरामनारायणदत्तजी शास्त्री ‘राम’"
"श्रीदुर्गासप्तशती.html","Siksha evam Katha",""
"श्रीनरसिंहपुराण.html","Purans",""
"श्रीविष्णुपुराण.html","Purans","अनुवादक—श्रीमुनिलाल गुप्त"
"मत्स्यमहापुराण.html","Purans",""
"श्रीनारायणकवच.html","Stotra evam Naamavali",""
"श्रीप्रेमभक्तिप्रकाश.html","Pravachan","श्रद्धेय श्रीजयदयालजी गोयन्दका"
"श्रीभक्तमाल.html","Siksha evam Katha",""
"श्रीभगवन्नाम.html","Pravachan","श्रद्धेय श्रीहनुमानप्रसादजी पोद्दार"
"श्रीभीष्मपितामह प्रथम पृष्ठ.html","Siksha evam Katha","स्वामी श्रीअखण्डानन्दजी सरस्वती"
"श्रीभीष्मपितामह.html","Siksha evam Katha","स्वामी श्रीअखण्डानन्दजी सरस्वती"
"श्रीमद्भगवद्गीता माहात्म्य की कहानियाँ.html","Gita",""
"श्रीमद्भगवद्गीता शांकरभाष्य.html","Gita","अनुवादक—श्रीहरिकृष्णदास गोयन्दका"
"श्रीमद्भगवद्गीता श्रीरामानुज भाष्य.html","Gita","अनुवादक—श्रीहरिकृष्णदास गोयन्दका"
"श्रीमद्भगवद्गीता_तत्त्वविवेचनी हिन्दी_टीकासहित.html","Gita","टीकाकार— श्रद्धेय श्रीजयदयालजी गोयन्दका"
"श्रीमद्भगवद्गीता_मोटे_अक्षरोंमें.html","Gita",""
"श्रीमद्भगवद्गीता_साधक_संजीवनी.html","Gita","श्रद्धेय स्वामी श्रीरामसुखदासजी महाराज"
"श्रीमद्वाल्मीकीय रामायण.html","Itihasas",""
"श्रीमद‍्भागवतमहापुराण.html","Purans",""
"श्रीराधा माधव चिन्तन.html","Pravachan","श्रद्धेय श्रीहनुमानप्रसादजी पोद्दार"
"श्रीराधा माधव रस सुधा (षोडश गीत).html","Pravachan","श्रद्धेय श्रीहनुमानप्रसादजी पोद्दार"
"श्रीराधिकासहस्रनामस्तोत्रम्.html","Stotra evam Naamavali",""
"श्रीरामकृष्णलीला भजनावली.html","Bajans",""
"श्रीरामगीता.html","Gita",""
"श्रीरामसहस्रनामस्तोत्रम् नामावली तथा संक्षिप्त प्रयोग-विधि सहित.html","Stotra evam Naamavali",""
"श्रीलक्ष्मीसहस्रनामस्तोत्रम्.html","Stotra evam Naamavali",""
"श्रीललितासहस्रनामस्तोत्रम्.html","Stotra evam Naamavali",""
"श्रीवामनपुराण.html","Purans",""
"श्रीविष्णुसहस्रनाम (शांकरभाष्य, हिन्दी अनुवाद सहित).html","Stotra evam Naamavali","अनुवादक— स्वामी श्रीभोलेबाबाजी"
"श्रीविष्णुसहस्रनामस्तोत्रम्.html","Stotra evam Naamavali",""
"श्रीशिवचालीसा.html","Stotra evam Naamavali",""
"श्रीशिवसहस्रनामस्तोत्रम्.html","Stotra evam Naamavali",""
"श्रीशुक सुधा सागर.html","Siksha evam Katha",""
"श्रीश्रीचैतन्य-चरितावली (2).html","Siksha evam Katha","प्रभुदत्त ब्रह्मचारी"
"श्रीश्रीचैतन्य-चरितावली.html","Siksha evam Katha","प्रभुदत्त ब्रह्मचारी"
"श्रीहनुमानचालीसा (लाल रंग में).html","Stotra evam Naamavali",""
"श्रीहनुमानचालीसा (हिन्दी भावार्थसहित).html","Stotra evam Naamavali",""
"श्रीहरिवंशपुराण.html","Purans","टीकाकार— पण्डित रामनारायणदत्त शास्त्री पाण्डेय ‘राम’"
"संक्षिप्त गरुडपुराण.html","Purans",""
"संक्षिप्त नारदपुराण.html","Purans",""
"संक्षिप्त पद्मपुराण.html","Purans","सम्पादक तथा संशोधक– श्रद्धेय श्रीजयदयालजी गोयन्दका"
"संक्षिप्त ब्रह्मपुराण.html","Purans",""
"संक्षिप्त ब्रह्मवैवर्तपुराण.html","Purans",""
"संक्षिप्त महाभारत.html","Itihasas","सम्पादक तथा संशोधक —"
"संक्षिप्त मार्कण्डेयपुराण.html","Purans",""
"संक्षिप्त योगवासिष्ठ.html","Vedant",""
"संक्षिप्त शिवपुराण.html","Purans","सम्पादक– श्रद्धेय श्रीहनुमानप्रसादजी पोद्दार"
"संक्षिप्त श्रीमद्देवीभागवत.html","Siksha evam Katha","सम्पादक"
"संक्षिप्त श्रीवराहपुराण.html","Purans",""
"संक्षिप्त स्कन्दपुराण.html","Purans",""
"संत महिमा.html","Pravachan","श्रद्धेय श्रीजयदयालजी गोयन्दका"
"संत वाणी.html","Pravachan","सम्पादक – श्रद्धेय श्रीहनुमानप्रसादजी पोद्दार"
"संत समागम.html","Pravachan","श्रद्धेय स्वामी श्रीरामसुखदासजी महाराज"
"संतानगोपालस्तोत्र (संतानप्राप्तिके शास्त्रीय उपाय).html","Stotra evam Naamavali",""
"संध्या.html","Nitya Puja evam Karmakand",""
"संध्योपासनविधि और तर्पण एवं बलिवैश्वदेव विधि.html","Nitya Puja evam Karmakand",""
"संसार का असर कैसे छूटे.html","Pravachan","श्रद्धेय स्वामी श्रीरामसुखदासजी महाराज"
"संस्कार प्रकाश.html","Nitya Puja evam Karmakand",""
"सच्चा गुरु कौन.html","Pravachan","श्रद्धेय स्वामी श्रीरामसुखदासजी महाराज"
"सच्चा सुख और उसकी प्राप्ति के उपाय.html","Pravachan","श्रद्धेय श्रीजयदयालजी गोयन्दका"
"सच्ची सलाह.html","Pravachan","श्रद्धेय श्रीजयदयालजी गोयन्दका"
"सच्चे और ईमानदार बालक.html","Balaupayogi",""
"सती द्रौपदी.html","Siksha evam Katha","स्वामी अखण्डानन्द सरस्वती"
"सती सुकला.html","Siksha evam Katha","श्रीरामनाथ ‘सुमन’"
"सत्य एवं प्रेरक घटनाएँ.html","Siksha evam Katha","भक्त रामशरणदास पिलखुवा"
"सत्य की खोज.html","Pravachan","श्रद्धेय स्वामी श्रीरामसुखदासजी महाराज"
"सत्य की शरण से मुक्ति.html","Pravachan","श्रद्धेय श्रीजयदयालजी गोयन्दका"
"सत्यप्रेमी हरिश्चन्द्र.html","Siksha evam Katha","श्रीशान्तनुविहारीजी द्विवेदी"
"सत्संग का प्रसाद.html","Pravachan","श्रद्धेय स्वामी श्रीरामसुखदासजी महाराज"
"सत्संग की कुछ सार बातें.html","Pravachan","श्रद्धेय श्रीजयदयालजी गोयन्दका"
"सत्संग की मार्मिक बातें.html","Pravachan","श्रद्धेय श्रीजयदयालजी गोयन्दका"
"सत्संग की विलक्षणता.html","Pravachan","श्रद्धेय स्वामी श्रीरामसुखदासजी महाराज"
"सत्संग के अमृत कण.html","Pravachan","श्रद्धेय स्वामी श्रीरामसुखदासजी महाराज"
"सत्संग के फूल.html","Pravachan","श्रद्धेय स्वामी श्रीरामसुखदासजी महाराज"
"सत्संग के बिखरे मोती.html","Pravachan","श्रद्धेय श्रीहनुमानप्रसादजी पोद्दार"
"सत्संग माला.html","Siksha evam Katha","श्रीमगनलाल हरिभाई व्यास"
"सत्संग मुक्ताहार.html","Pravachan","श्रद्धेय स्वामी श्रीरामसुखदासजी महाराज"
"सत्संग-सुधा.html","Pravachan","सम्पादक – श्रद्धेय श्रीहनुमानप्रसादजी पोद्दार"
"सन्ध्या, सन्ध्या गायत्री का महत्त्व और ब्रह्मचर्य.html","Siksha evam Katha",""
"सफलता के शिखर की सीढ़ियाँ.html","Pravachan","श्रद्धेय श्रीहनुमानप्रसादजी पोद्दार"
"सब जग ईश्वररूप है.html","Pravachan","श्रद्धेय स्वामी श्रीरामसुखदासजी महाराज"
"सब साधनोंका सार.html","Pravachan","श्रद्धेय स्वामी श्रीरामसुखदासजी महाराज"
"समता अमृत और विषमता विष.html","Pravachan","श्रद्धेय श्रीजयदयालजी गोयन्दका"
"समाज सुधार.html","Pravachan","श्रद्धेय श्रीहनुमानप्रसादजी पोद्दार"
"सम्पूर्ण दुखोंका अभाव कैसे हो.html","Pravachan","श्रद्धेय श्रीजयदयालजी गोयन्दका"
"सर्वोच्च पद की प्राप्ति का साधन.html","Pravachan","श्रद्धेय स्वामी श्रीरामसुखदासजी महाराज"
"सहज साधना.html","Pravachan","श्रद्धेय स्वामी श्रीरामसुखदासजी महाराज"
"सहस्रनामस्तोत्रसंग्रह.html","Stotra evam Naamavali",""
"सागरके मोती.html","Pravachan","श्रद्धेय स्वामी श्रीरामसुखदासजी महाराज"
"साधक में साधुता.html","Siksha evam Katha","पं० श्रीगयाप्रसादजी"
"साधकों के प्रति.html","Pravachan","श्रद्धेय स्वामी श्रीरामसुखदासजी महाराज"
"साधकोंका सहारा भगवच्चर्चा भाग-४.html","Pravachan","श्रद्धेय श्रीहनुमानप्रसादजी पोद्दार"
"साधन और साध्य.html","Pravachan","श्रद्धेय स्वामी श्रीरामसुखदासजी महाराज"
"साधन की आवश्यकता.html","Pravachan","श्रद्धेय श्रीजयदयालजी गोयन्दका"
"साधन नवनीत.html","Pravachan","श्रद्धेय श्रीजयदयालजी गोयन्दका"
"साधन पथ.html","Pravachan","श्रद्धेय श्रीहनुमानप्रसादजी पोद्दार"
"साधन सुधा निधि.html","Pravachan","श्रद्धेय स्वामी श्रीरामसुखदासजी महाराज"
"साधन सुधा सिन्धु.html","Pravachan","श्रद्धेय स्वामी श्रीरामसुखदासजी महाराज"
"साधन-कल्पतरु.html","Pravachan","श्रद्धेय श्रीजयदयालजी गोयन्दका"
"साधन-नवनीत.html","Pravachan","श्रद्धेय श्रीजयदयालजी गोयन्दका"
"साधन-सुधा-निधि.html","Pravachan","श्रद्धेय स्वामी श्रीरामसुखदासजी महाराज"
"साधना पथ.html","Pravachan","श्रद्धेय श्रीजयदयालजी गोयन्दका"
"साधनोपयोगी पत्र.html","Pravachan","श्रद्धेय श्रीजयदयालजी गोयन्दका"
"सार संग्रह.html","Pravachan","श्रद्धेय स्वामी श्रीरामसुखदासजी महाराज"
"सावित्री और सत्यवान्.html","Pravachan","श्रद्धेय श्रीजयदयालजी गोयन्दका"
"सिद्धान्त एवं रहस्य की बातें.html","Pravachan","श्रद्धेय श्रीजयदयालजी गोयन्दका"
"सिनेमा – मनोरञ्जन या विनाश का साधन.html","Pravachan","श्रद्धेय श्रीहनुमानप्रसादजी पोद्दार"
"सुख-शान्ति का मार्ग.html","Pravachan","श्रद्धेय श्रीहनुमानप्रसादजी पोद्दार"
"सुखी जीवन.html","Siksha evam Katha","श्रीमैत्री देवी"
"सुखी बनने के उपाय.html","Pravachan","श्रद्धेय श्रीहनुमानप्रसादजी पोद्दार"
"सुखी बनो.html","Pravachan","श्रद्धेय श्रीहनुमानप्रसादजी पोद्दार"
"सुन्दर समाज का निर्माण.html","Pravachan","श्रद्धेय स्वामी श्रीरामसुखदासजी महाराज"
"सूक्ति सुधाकर.html","Siksha evam Katha",""
"सूर रामचरितावली.html","Siksha evam Katha","अनुवादक—सुदर्शन सिंह"
"सूर विनय पत्रिका.html","Siksha evam Katha","अनुवादक—सुदर्शन सिंह"
"स्त्रियों के लिये कर्तव्य शिक्षा.html","Pravachan","श्रद्धेय श्रीजयदयालजी गोयन्दका"
"स्त्री धर्म प्रश्नोत्तरी.html","Pravachan","श्रद्धेय श्रीहनुमानप्रसादजी पोद्दार"
"स्वर्ण पथ.html","Siksha evam Katha","डॉ० रामचरण महेन्द्र"
"स्वाधीन कैसे बनें.html","Pravachan","श्रद्धेय स्वामी श्रीरामसुखदासजी महाराज"
"हंसगीता.html","Gita",""
"हम ईश्वर को क्यों मानें.html","Pravachan","श्रद्धेय स्वामी श्रीरामसुखदासजी महाराज"
"हम कैसे रहें.html","Siksha evam Katha","पं० श्रीलालबिहारीजी मिश्र"
"हमारा आश्चर्य.html","Pravachan","श्रद्धेय श्रीजयदयालजी गोयन्दका"
"हमारा कर्तव्य.html","Pravachan","श्रद्धेय श्रीजयदयालजी गोयन्दका"
"हृदय की आदर्श विशालता.html","Siksha evam Katha",""
"ऋग्वेद.html","Vedas","महर्षि दयानन्द सरस्वती"
"यजुर्वेद.html","Vedas","महर्षि दयानन्द सरस्वती"
"सामवेद.html","Vedas","महर्षि दयानन्द सरस्वती"
"अथर्ववेद.html","Vedas","महर्षि दयानन्द सरस्वती"
"महकते जीवन-फूल.html","Siksha evam Katha","डॉ० रामचरण महेन्द्र"
"श्रीमद्भगवद्गीता - माहात्म्यसहित.html","Gita",""
"श्रीकृष्ण.html","Balaupayogi",""
"श्रीमद्देवीभागवतमहापुराण.html","Purans",""
"महाभारत (आदिपर्व से स्वर्गारोहणपर्व).html","Itihasas","श्रीमन्महर्षि वेदव्यास"
