"NormalizedName","VariantCount","Variants","TotalFilesUsedAcrossVariants","AnyHasCSS"
"titlepagesubheading","6","Title-Page---subheading | Title-Page---Sub-heading | Title-Page---Subheading | Title-Page-Subheading | Title-Page---Sub-Heading | Title-Page---sub-heading",,"System.Object[]"
"footnote","6","Foot-Note | fOOTNOTE | Foot-note | Footnote | footnote | FOOTNOTE",,"System.Object[]"
"footnote1","4","fOOTNOTE-1 | footnote1 | FOOTNOTE-1 | Footnote-1",,"System.Object[]"
"titlepagesubtitle","4","Title-Page---sub-title | Title-page---sub-title | Title-Page--Sub-Title | Title-Page---Sub-Title",,"System.Object[]"
"text","4","TEXT | Text | Text- | text_",,"System.Object[]"
"subheading","4","Sub-Heading- | Sub-Heading | Sub-heading | sub-heading",,"System.Object[]"
"subhead","3","sub-head | subhead | Sub-Head",,"True"
"uwach","3","uwach | UWACH | Uwach",,"True"
"text2","3","Text-2 | TEXT-2 | text_2",,"True"
"caption","3","Caption | CAPTION | caption",,"False"
"shlokblack","3","Shlok-Black | SHLOK-Black | Shlok-black",,"System.Object[]"
"footnotesbold","2","Footnotes-Bold | Footnotes-bold",,"System.Object[]"
"pagebreak","2","page-break | Page-Break",,"System.Object[]"
"numbers","2","numbers | Numbers",,"True"
"right2","2","right-2 | Right-2",,"System.Object[]"
"subhead2","2","Sub-Head-2 | Sub-head-2",,"System.Object[]"
"right4","2","Right-4 | right-4",,"System.Object[]"
"r","2","R | r",,"True"
"titlepagesubhead","2","Title-Page---Sub-Head | Title-page-sub-head",,"False"
"shlok","2","Shlok | SHLOK",,"System.Object[]"
"aa","2","AA | aa",,"System.Object[]"
"x","2","x | x--",,"System.Object[]"
"right1","2","Right-1 | right-1",,"System.Object[]"
"right5","2","right-5 | Right-5",,"System.Object[]"
"right3","2","right-3 | Right-3",,"System.Object[]"
"a","2","a | A",,"System.Object[]"
"right","2","Right | right",,"System.Object[]"
"chapterendtext","2","Chapter-End-Text | Chapter-end-Text",,"System.Object[]"
"footnote2","2","FOOTNOTE-2 | Footnote-2",,"System.Object[]"
"n","2","n | N",,"System.Object[]"
"tab","2","tab | Tab",,"System.Object[]"
"footnotea","2","Footnote--A- | Footnote-A",,"True"
"said","2","Said | SAID",,"False"
"shlokblack2","2","Shlok-Black-2 | SHLOK-Black-2",,"False"
"x2","2","x2 | x---2",,"True"
"uvach1","2","Uvach-1 | uvach-1",,"False"
"x1","2","x1 | x---1",,"True"
"uvach","2","uvach | Uvach",,"True"
"footnotesright","2","Footnotes-right | Footnotes-Right",,"True"
"subheading2","2","Sub-Heading-2 | Sub-heading-2",,"True"
"endtext","2","End-Text | End-text",,"False"
"txtbold1","2","TXT-Bold-1 | TXT-bold-1",,"False"
"subheading1","2","Sub-Heading-1 | Sub-heading-1",,"True"
"txtbold","2","TXT-Bold | TXT-bold",,"False"
"slok","2","SLOK | Slok",,"True"
"shloknumber","2","SHLOK-number | Shlok-Number",,"True"
"c","2","C | c",,"True"
"text1","2","TEXT-1 | text_1",,"True"
"slok1","2","Slok1 | Slok-1",,"False"
"smallheading","2","Small-Heading | small-heading",,"False"
"i","2","I- | i",,"True"
"shlokblack1","2","SHLOK-Black-1 | Shlok-Black-1",,"False"
"foot","2","FOOT | Foot",,"True"
"noparagraphstyle","2","No-paragraph-style | No-Paragraph-Style",,"True"
