"FileName","DistinctClassesUsed","MissingClassCount","MissingClasses"
"गीता-पुस्तकालय.html","23","17","book-card; book-card-author; book-card-body; book-card-meta; book-card-spine; book-card-subtitle; book-card-title; book-grid; home-header; icon-btn; nav-btn; rt-chapter; rt-title; switch; switch-track; titles; toggle-row"
"साधन सुधा सिन्धु.html","137","5","book-svg-wrap; book-table; book-table-wrap; line; toc-subsublist"
"वैराग्य संदीपनी प्रथम पृष्ठ.html","29","3","Chopai; Doha-colour; Sortha-colour"
"व्रत परिचय प्रथम पृष्ठ.html","47","3","Content; Description; End-text"
"तर्पण विधि प्रथम पृष्ठ.html","72","3","Content; End-Text; FOOT"
"प्राचीन भक्त प्रथम पृष्ठ.html","27","3","FF; x00; x150"
"श्री सत्यनारायण व्रत कथा प्रथम पृष्ठ.html","57","3","Book-End-Page-text; Content; Text-copy"
"प्रार्थना प्रथम पृष्ठ.html","34","3","Full; Had; Title-Page---Tavmev"
"श्रीश्रीचैतन्य-चरितावली.html","39","3","Content; Shlok-Right; TXT-Right-copy"
"गीता दर्पण प्रथम पृष्ठ.html","71","3","Foot; Foot-1; Purvardh---Uttrardh"
"संध्योपासनविधि और तर्पण एवं बलिवैश्वदेव विधि प्रथम पृष्ठ.html","99","3","Content; End-Text; FOOT"
"तत्त्वचिन्तामणि.html","138","3","bg-picker-btn; bg-picker-panel; toc-subsublist"
"श्रीश्रीचैतन्य-चरितावली (2).html","43","3","Content; Shlok-Right; TXT-Right-copy"
"श्रीमद्वाल्मीकीय रामायण.html","90","3","Eti; Eti-Bold; Suchi-2"
"सन्ध्या, सन्ध्या गायत्री का महत्त्व और ब्रह्मचर्य प्रथम पृष्ठ.html","45","3","Content; End-Text; Text-Bold"
"मानस रहस्य प्रथम पृष्ठ.html","53","2","Shlok-Right; Text-Bold"
"अन्त्यकर्म श्राद्धप्रकाश प्रथम पृष्ठ.html","84","2","Shlok-Right; Title-Page---Translater-Name"
"सुख-शान्ति का मार्ग प्रथम पृष्ठ.html","47","2","Center; Text-Bold"
"आत्मकल्याण के विविध उपाय प्रथम पृष्ठ.html","28","2","Caption; So-2"
"श्रीदुर्गाचालीसा एवं श्रीविन्ध्येश्वरीचालीसा प्रथम पृष्ठ.html","22","2","Content; End-Text"
"कर्मयोग का तत्त्व प्रथम पृष्ठ.html","41","2","R; x100"
"भगवत्प्राप्ति की युक्तियाँ प्रथम पृष्ठ.html","35","2","Hindi-i; Hindi-II"
"सम्पूर्ण दुखोंका अभाव कैसे हो प्रथम पृष्ठ.html","34","2","Caption; Text-Matter"
"श्रीनरसिंहपुराण प्रथम पृष्ठ.html","39","2","Adhyay; Title-page-sub-head"
"पिता की सीख प्रथम पृष्ठ.html","43","2","Heading-English; TEXT-Black"
"मनुष्य जीवन का उद्देश्य प्रथम पृष्ठ.html","35","2","CAPTION; Shlok-2-copy"
"मानस शंका समाधान प्रथम पृष्ठ.html","32","2","Shlok-Right; Text-Bold"
"श्री गर्ग संहिता प्रथम पृष्ठ.html","64","2","TXT-Bold-1; TXT-Bold-2"
"श्रीमद‍्भागवतमहापुराण.html","133","2","Index-L1; Index-L2"
"श्रीकृष्ण विज्ञान प्रथम पृष्ठ.html","41","2","End-text-new; Shlok-Color-2-New"
"पातञ्जलयोगप्रदीप प्रथम पृष्ठ.html","67","2","Shlok-Right; Text-Bold"
"मधुर प्रथम पृष्ठ.html","38","2","Center; End-Text"
"मानवमात्र के कल्याण के लिये प्रथम पृष्ठ.html","63","2","Content; Hawala"
"श्रीनारायणकवच.html","31","2","Cneter; End-Text"
"श्रीमद‍्भागवतमहापुराण (2).html","55","2","Index-L1; Index-L2"
"आनन्द मार्ग प्रथम पृष्ठ.html","36","2","End-Mark; Shlok-Right"
"श्रीवामनपुराण प्रथम पृष्ठ.html","47","2","TXT-bold; TXT-bold-1"
"ईशादि नौ उपनिषद्.html","59","2","Shlok-Right; Text-Bold"
"साधन पथ प्रथम पृष्ठ.html","36","2","Content; Said"
"श्रीविष्णुसहस्रनामस्तोत्रम्.html","30","2","Content; End-Text"
"भजन-संग्रह.html","25","2","Bhajan-First-Line; Centre-Heading"
"वैदिक सूक्त संग्रह प्रथम पृष्ठ.html","44","2","Shlok-Coloured; TXT-bold"
"चिन्ता शोक कैसे मिटें प्रथम पृष्ठ.html","37","2","BODY-TEX; CAPTION"
"श्रीविष्णुसहस्रनाम (शांकरभाष्य, हिन्दी अनुवाद सहित) प्रथम पृष्ठ.html","62","2","Text-Regular; Title-Page---Sub-Head"
"श्रीशिवचालीसा.html","24","2","Content; End-Text"
"भगवत्प्राप्ति कठिन नहीं प्रथम पृष्ठ.html","35","2","BODY-TEX; CAPTION"
"गणेशस्तोत्ररत्नाकर.html","46","2","TXT-Right-Black; txt-toggle-btn"
"भगवान् कैसे मिलें.html","43","2","BODY-TEX; Solk-2"
"संक्षिप्त शिवपुराण.html","77","2","Foot; Title-Page---Book-Name-Hindi"
"सहस्रनामस्तोत्रसंग्रह.html","54","2","Footnote-New; Man-Had"
"भगवच्चर्चा प्रथम पृष्ठ.html","33","2","Content; Futer-Text"
"विदुरनीति प्रथम पृष्ठ.html","33","2","Eti; I-"
"भगवच्चर्चा (सभी छहों भाग एक साथ) प्रथम पृष्ठ.html","100","2","Center; Small-Heading"
"गयाश्राद्धपद्धति_माहात्म्य तथा_गयायात्राविधानसहित.html","58","2","Shlok-Right; Title-Page---Translater-Author-Name"
"विदुरनीति प्रथम पृष्ठ (1).html","34","2","Eti; I-"
"भवरोगकी रामबाण दवा.html","37","1","Shlok-Right"
"महत्वपूर्ण शिक्षा.html","46","1","II"
"साधकोंका सहारा भगवच्चर्चा भाग-४.html","41","1","Center"
"उद्धव संदेश प्रथम पृष्ठ.html","30","1","Title-Page---Translator-Name"
"उद्धार कैसे हो प्रथम पृष्ठ.html","32","1","Running-Matter"
"अध्यात्म-पथ-प्रदर्शक.html","46","1","Caption"
"अध्यात्मरामायण.html","49","1","TitlePage-Shlok"
"अनन्यभक्ति कैसे प्राप्त हो प्रथम पृष्ठ.html","31","1","CAPTION"
"अमूल्य वचन प्रथम पृष्ठ.html","45","1","SAID"
"अमूल्य समय का सदुपयोग प्रथम पृष्ठ.html","24","1","Text-wsp"
"उपनिषदों के चौदह रत्न प्रथम पृष्ठ.html","36","1","Shlok-Right"
"इसी जन्ममें परमात्मप्राप्ति प्रथम पृष्ठ.html","26","1","Choipai"
"आध्यात्मिक प्रवचन प्रथम पृष्ठ.html","36","1","x100"
"भगवान्_कैसे_मिलें.html","48","1","Solk-2"
"ईश्वर और संसार प्रथम पृष्ठ.html","39","1","x11"
"ईश्वर की सत्ता और महत्ता प्रथम पृष्ठ.html","52","1","x100"
"एक महापुरुषके अनुभवकी बातें प्रथम पृष्ठ.html","37","1","Caption"
"एक संत की वसीयत प्रथम पृष्ठ (1).html","35","1","Content"
"साधक में साधुता प्रथम पृष्ठ.html","37","1","Hawala"
"आनन्द की लहरें प्रथम पृष्ठ.html","21","1","Gita-Seva-Trust"
"आनन्द कैसे मिले प्रथम पृष्ठ.html","35","1","Text-Matter"
"हमारा आश्चर्य प्रथम पृष्ठ.html","28","1","x2"
"गीता ज्ञान प्रवेशिका प्रथम पृष्ठ.html","87","1","Tablular"
"गीता माधुर्य प्रथम पृष्ठ.html","37","1","x15-Bold"
"गीता के परम प्रचारक प्रथम पृष्ठ.html","57","1","Content"
"रुद्राष्टाध्यायी.html","67","1","Vedic-Shlok"
"कल्याणकारी प्रवचन प्रथम पृष्ठ.html","24","1","Content"
"समता अमृत और विषमता विष प्रथम पृष्ठ.html","32","1","x100"
"गीता ज्ञान प्रवेशिका प्रथम पृष्ठ (1).html","87","1","Tablular"
"गृहस्थमें कैसे रहें प्रथम पृष्ठ.html","40","1","Description"
"गणेशस्तोत्ररत्नाकर (2).html","52","1","TXT-Right-Black"
"गीता संग्रह प्रथम पृष्ठ.html","61","1","Caption"
"क्या करें क्या न करें प्रथम पृष्ठ.html","44","1","Footnotes-copy"
"आत्मोद्धारके साधन प्रथम पृष्ठ.html","37","1","Footnote-without-rule"
"सूर विनय पत्रिका प्रथम पृष्ठ.html","27","1","II"
"भागवतस्तुतिसंग्रह प्रथम पृष्ठ.html","95","1","TXT-Bold-1"
"सावित्री और सत्यवान्.html","29","1","C"
"आदर्श भक्त प्रथम पृष्ठ.html","27","1","x00"
"सत्संग के बिखरे मोती प्रथम पृष्ठ.html","23","1","Center"
"गीता-निबन्धावली प्रथम पृष्ठ.html","27","1","Shlok-Right"
"एक संत की वसीयत प्रथम पृष्ठ.html","35","1","Content"
"सूक्ति सुधाकर प्रथम पृष्ठ.html","47","1","Shlok-Right"
"भूले न भुलाये प्रथम पृष्ठ.html","30","1","caption"
"भगवत्प्राप्तिमें भावकी प्रधानता प्रथम पृष्ठ.html","29","1","So-1"
"भगवत्पथ दर्शन प्रथम पृष्ठ.html","36","1","No"
"जिन खोजा तिन पाइया प्रथम पृष्ठ.html","32","1","Futer-Text"
"बलिवैश्वदेव-विधि.html","38","1","Content"
"भगवत्प्राप्ति एवं हिंदू संस्कृति प्रथम पृष्ठ.html","61","1","Small-Heading"
"जीवन संजीवनी प्रथम पृष्ठ.html","30","1","Shlok-Right"
"भक्त सुधाकर प्रथम पृष्ठ.html","26","1","x100"
"भक्त चन्द्रिका प्रथम पृष्ठ.html","25","1","Center"
"श्रीहनुमानचालीसा (लाल रंग में) प्रथम पृष्ठ.html","33","1","End-Text"
"संस्कार प्रकाश प्रथम पृष्ठ.html","88","1","Basic-Text-Frame-1"
"श्रीप्रेमभक्तिप्रकाश प्रथम पृष्ठ.html","32","1","x100"
"प्रत्यक्ष भगवद्दर्शन के उपाय प्रथम पृष्ठ.html","45","1","Chopayi-1"
"जैमिनीकृत महाभारतमें भक्तोंकी गाथा.html","34","1","Shlok-Right"
"संतानगोपालस्तोत्र (संतानप्राप्तिके शास्त्रीय उपाय) प्रथम पृष्ठ.html","37","1","Title-Page---Sub-Name"
"जीवन सुधार की बातें प्रथम पृष्ठ.html","31","1","Hindi-Solk-II"
"जीवनोपयोगी प्रवचन.html","24","1","Shlok-Right"
"भगवत्प्राप्ति कैसे ह.html","35","1","BODY-TEX"
"प्रेम सत्संग सुधा माला प्रथम पृष्ठ.html","28","1","Shlok-Bold"
"गोवध भारत का कलंक प्रथम पृष्ठ.html","33","1","small-heading"
"पूजा के फूल प्रथम पृष्ठ.html","37","1","Text-Right-coloer"
"संध्या.html","27","1","End-Text"
"प्रेमयोग का तत्त्व प्रथम पृष्ठ.html","41","1","Chopayi-1"
"व्यवहारमें परमार्थकी कला प्रथम पृष्ठ.html","38","1","Caption"
"संक्षिप्त स्कन्दपुराण प्रथम पृष्ठ.html","84","1","Image-word"
"त्रिपिण्डीश्राद्धपद्धति प्रथम पृष्ठ.html","50","1","Shlok-Right"
"भगवच्चर्चा (भाग-५) प्रथम पृष्ठ.html","31","1","Content"
"परम सेवा प्रथम पृष्ठ.html","45","1","Text-Matter"
"शीघ्र कल्याण के सोपान प्रथम पृष्ठ.html","40","1","Said"
"परम साधन प्रथम पृष्ठ.html","45","1","Content"
"संक्षिप्त योगवासिष्ठ प्रथम पृष्ठ.html","53","1","Image-word"
"संक्षिप्त श्रीमद्देवीभागवत.html","56","1","TXT-Bold-1"
"संक्षिप्त मार्कण्डेयपुराण प्रथम पृष्ठ.html","54","1","Adhyay"
"भक्त-सप्तरत्न.html","27","1","x150"
"तुलसी दल प्रथम पृष्ठ.html","35","1","Center"
"नवधा भक्ति प्रथम पृष्ठ.html","38","1","x150"
"ध्यानावस्था में प्रभु से वार्तालाप प्रथम पृष्ठ.html","23","1","x100"
"भक्त महिलारत्न प्रथम पृष्ठ.html","23","1","x2"
"श्रीहरिवंशपुराण प्रथम पृष्ठ.html","94","1","last"
"श्रीमद्भगवद्गीता श्रीरामानुज भाष्य प्रथम पृष्ठ.html","71","1","Title-Page---Heading"
"दुःखोंका नाश कैसे हो प्रथम पृष्ठ.html","42","1","Text-Matter"
"शिवमहिम्नस्तोत्र.html","33","1","Title-Page---Sub-Name"
"भक्त नरसिंह मेहता.html","44","1","Description"
"नित्यकर्म-प्रयोग.html","57","1","Title-Page---Tavmev-Mata--pita"
"भक्त नरसिंह मेहता प्रथम पृष्ठ.html","38","1","Description"
