"ClassName","FilesMissingIn","TotalOccurrences"
"Content","20","617"
"Shlok-Right","17","1681"
"End-Text","10","26"
"x100","7","18"
"Center","7","82"
"Caption","6","51"
"Text-Bold","6","710"
"Text-Matter","4","8"
"BODY-TEX","4","6"
"Description","4","539"
"CAPTION","4","7"
"TXT-Bold-1","3","158"
"Eti","3","3"
"x150","3","7"
"FOOT","2","108"
"Index-L1","2","26"
"Foot","2","28"
"TXT-bold","2","31"
"I-","2","4"
"Said","2","17"
"Futer-Text","2","3"
"Title-Page---Sub-Name","2","3"
"Adhyay","2","80"
"Hawala","2","6"
"toc-subsublist","2","101"
"Tablular","2","2284"
"Small-Heading","2","70"
"Chopayi-1","2","495"
"Image-word","2","37"
"Solk-2","2","2"
"x00","2","2"
"x2","2","2"
"TXT-Right-Black","2","14"
"II","2","4"
"Index-L2","2","670"
"TXT-Right-copy","2","18"
"Hindi-i","1","1"
"Shlok-Coloured","1","1865"
"Hindi-II","1","1"
"So-1","1","1"
"caption","1","1"
"Shlok-2-copy","1","3"
"Vedic-Shlok","1","232"
"Bhajan-First-Line","1","1014"
"Centre-Heading","1","52"
"last","1","323"
"Title-Page---Book-Name-Hindi","1","1"
"Basic-Text-Frame-1","1","3"
"TXT-bold-1","1","3"
"Title-Page---Sub-Head","1","1"
"Text-Regular","1","1358"
"Footnote-New","1","6"
"book-svg-wrap","1","3"
"line","1","12"
"C","1","2"
"Man-Had","1","1"
"book-table-wrap","1","1"
"book-table","1","1"
"Eti-Bold","1","1"
"End-text","1","11"
"TXT-Bold-2","1","1"
"Text-copy","1","46"
"Doha-colour","1","15"
"Sortha-colour","1","2"
"Chopai","1","11"
"Book-End-Page-text","1","14"
"Cneter","1","3"
"Title-Page---Heading","1","1"
"Suchi-2","1","1"
"Shlok-Color-2-New","1","1510"
"End-text-new","1","18"
"Title-page-sub-head","1","1"
"Foot-1","1","5"
"Purvardh---Uttrardh","1","1"
"x15-Bold","1","1"
"Footnotes-copy","1","1"
"txt-toggle-btn","1","1"
"Title-Page---Translater-Author-Name","1","1"
"book-card-spine","1","14"
"book-card-body","1","14"
"book-card-title","1","14"
"home-header","1","1"
"book-grid","1","1"
"book-card","1","14"
"R","1","2"
"Text-wsp","1","1"
"So-2","1","1"
"Footnote-without-rule","1","3"
"TitlePage-Shlok","1","5"
"Title-Page---Translater-Name","1","4"
"SAID","1","1"
"x11","1","1"
"Title-Page---Translator-Name","1","1"
"Running-Matter","1","1"
"Title-Page---Publisher-Note","1","1"
"End-Mark","1","2"
"Choipai","1","1"
"TEXT-Black","1","1"
"Heading-English","1","10"
"Text-Right-coloer","1","144"
"bg-picker-btn","1","1"
"bg-picker-panel","1","1"
"Title-Page---Tavmev-Mata--pita","1","6"
"Had","1","1"
"Shlok-Bold","1","1"
"No","1","1"
"FF","1","1"
"Title-Page---Tavmev","1","6"
"Full","1","11"
"Hindi-Solk-II","1","1"
"icon-btn","1","4"
"titles","1","1"
"rt-title","1","1"
"book-card-subtitle","1","7"
"book-card-author","1","14"
"book-card-meta","1","14"
"switch","1","1"
"switch-track","1","1"
"small-heading","1","15"
"rt-chapter","1","1"
"nav-btn","1","2"
"toggle-row","1","1"
