"ClassName","FilesUsedIn","TotalOccurrences","HasCSSDefinition","FilesWithCSSDef","CSSVariantCount","ExampleFile","SampleCSSDefFiles"
"Basic-Text-Frame","50","203","False","0","0","अनुस्मृति प्रथम पृष्ठ.html",""
"TXT-Bold","49","16483","False","0","0","अध्यात्म-पथ-प्रदर्शक.html",""
"Sub-Heading-2","16","1848","False","0","0","अन्त्यकर्म श्राद्धप्रकाश प्रथम पृष्ठ.html",""
"Title-Page---subheading","11","11","False","0","0","आनन्द का स्वरूप प्रथम पृष्ठ.html",""
"Title-Page---Sub-heading","10","10","False","0","0","अमृत बिन्दु प्रथम पृष्ठ.html",""
"End-Text","10","26","False","0","0","तर्पण विधि प्रथम पृष्ठ.html",""
"Footnotes-right","10","371","False","0","0","गीता-निबन्धावली प्रथम पृष्ठ.html",""
"Sub-Heading-","9","384","False","0","0","अमृत कण प्रथम पृष्ठ.html",""
"Center","7","82","False","0","0","तुलसी दल प्रथम पृष्ठ.html",""
"x100","7","18","False","0","0","आध्यात्मिक प्रवचन प्रथम पृष्ठ.html",""
"Text-Bold","6","710","False","0","0","ईशादि नौ उपनिषद्.html",""
"Caption","6","51","False","0","0","अध्यात्म-पथ-प्रदर्शक.html",""
"frame-5","5","25","False","0","0","गयाश्राद्धपद्धति_माहात्म्य तथा_गयायात्राविधानसहित.html",""
"Basic-Paragraph-1","5","26","False","0","0","पद्मपुरा.html",""
"CAPTION","4","7","False","0","0","अनन्यभक्ति कैसे प्राप्त हो प्रथम पृष्ठ.html",""
"Text-Matter","4","8","False","0","0","आनन्द कैसे मिले प्रथम पृष्ठ.html",""
"Chapter-End-Text-1","4","14","False","0","0","पातञ्जलयोगप्रदीप प्रथम पृष्ठ.html",""
"Shlok-Number-1","3","1412","False","0","0","गीता ज्ञान प्रवेशिका प्रथम पृष्ठ (1).html",""
"x75","3","7","False","0","0","अमृत वचन प्रथम पृष्ठ.html",""
"Footer","3","60","False","0","0","आध्यात्मिक प्रवचन प्रथम पृष्ठ.html",""
"frame-6","3","12","False","0","0","गयाश्राद्धपद्धति_माहात्म्य तथा_गयायात्राविधानसहित.html",""
"x-Main-Heading","3","3","False","0","0","विवेक चूडामणि प्रथम पृष्ठ.html",""
"uvach","3","282","False","0","0","शतनामस्तोत्रसंग्रह.html",""
"Eti","3","3","False","0","0","विदुरनीति प्रथम पृष्ठ (1).html",""
"Shlok-Color","3","547","False","0","0","देवीस्तोत्ररत्नाकर.html",""
"xfootnote","3","3","False","0","0","शतनामस्तोत्रसंग्रह.html",""
"x150","3","7","False","0","0","नवधा भक्ति प्रथम पृष्ठ.html",""
"TXT-Bold-1","3","158","False","0","0","भागवतस्तुतिसंग्रह प्रथम पृष्ठ.html",""
"Sub-Heading-1","3","92","False","0","0","भागवतस्तुतिसंग्रह प्रथम पृष्ठ.html",""
"Sub-Heading-2-1","3","91","False","0","0","भागवतस्तुतिसंग्रह प्रथम पृष्ठ.html",""
"FOOT","2","108","False","0","0","तर्पण विधि प्रथम पृष्ठ.html",""
"No-paragraph-style","2","78","False","0","0","तर्पण विधि प्रथम पृष्ठ.html",""
"Futer-Text","2","3","False","0","0","जिन खोजा तिन पाइया प्रथम पृष्ठ.html",""
"Slok1","2","3","False","0","0","जानकी मंगल प्रथम पृष्ठ.html",""
"Tablular","2","2284","False","0","0","गीता ज्ञान प्रवेशिका प्रथम पृष्ठ (1).html",""
"Chapter-End-Text-2","2","3","False","0","0","संक्षिप्त गरुडपुराण प्रथम पृष्ठ.html",""
"Small-Heading","2","70","False","0","0","भगवच्चर्चा (सभी छहों भाग एक साथ) प्रथम पृष्ठ.html",""
"SHLOK-Black-1","2","206","False","0","0","श्रीमद्वाल्मीकीय रामायण.html",""
"TXT-bold","2","31","False","0","0","वैदिक सूक्त संग्रह प्रथम पृष्ठ.html",""
"Shlok-Number--2","2","16","False","0","0","दोहावली प्रथम पृष्ठ.html",""
"Shlok-Black-1","2","38","False","0","0","पद्मपुरा.html",""
"Number","2","45","False","0","0","गोपी प्रेम प्रथम पृष्ठ.html",""
"Sub-Head-3","2","10","False","0","0","नित्यकर्म-पूजाप्रकाश (2).html",""
"subhead","2","169","False","0","0","गीता के परम प्रचारक प्रथम पृष्ठ.html",""
"Image-word","2","37","False","0","0","संक्षिप्त योगवासिष्ठ प्रथम पृष्ठ.html",""
"sub-head","2","12","False","0","0","गीता दर्पण प्रथम पृष्ठ.html",""
"Dash","2","388","False","0","0","ज्ञान के दीप जले प्रथम पृष्ठ.html",""
"Chapter-Heading-2","2","6","False","0","0","गीता ज्ञान प्रवेशिका प्रथम पृष्ठ (1).html",""
"Sub-Heading-2-2","2","47","False","0","0","भागवतस्तुतिसंग्रह प्रथम पृष्ठ.html",""
"frame-8","2","7","False","0","0","पातञ्जलयोगप्रदीप प्रथम पृष्ठ.html",""
"Title-Page---Sub-Name","2","3","False","0","0","शिवमहिम्नस्तोत्र.html",""
"Said","2","17","False","0","0","शीघ्र कल्याण के सोपान प्रथम पृष्ठ.html",""
"Shlok-Black-2","2","6","False","0","0","पद्मपुरा.html",""
"frame-7","2","10","False","0","0","पातञ्जलयोगप्रदीप प्रथम पृष्ठ.html",""
"Footnotes-Center","2","79","False","0","0","कल्याण पथ प्रथम पृष्ठ.html",""
"Chopayi-1","2","495","False","0","0","प्रत्यक्ष भगवद्दर्शन के उपाय प्रथम पृष्ठ.html",""
"Adhyay","2","80","False","0","0","श्रीनरसिंहपुराण प्रथम पृष्ठ.html",""
"x00","2","2","False","0","0","आदर्श भक्त प्रथम पृष्ठ.html",""
"II","2","4","False","0","0","महत्वपूर्ण शिक्षा.html",""
"Hawala","2","6","False","0","0","मानवमात्र के कल्याण के लिये प्रथम पृष्ठ.html",""
"Uvach-2","2","24","False","0","0","भागवतस्तुतिसंग्रह प्रथम पृष्ठ.html",""
"Text-Right","2","4","False","0","0","अन्त्यकर्म श्राद्धप्रकाश प्रथम पृष्ठ.html",""
"I-","2","4","False","0","0","विदुरनीति प्रथम पृष्ठ (1).html",""
"x1","2","2","False","0","0","कल्याण प्राप्ति के उपाय प्रथम पृष्ठ.html",""
"x2","2","2","False","0","0","भक्त महिलारत्न प्रथम पृष्ठ.html",""
"Basic-Paragraph-2","2","7","False","0","0","संक्षिप्त गरुडपुराण प्रथम पृष्ठ.html",""
"Uvach-1","2","12","False","0","0","भागवतस्तुतिसंग्रह प्रथम पृष्ठ.html",""
"Basic-Paragraph-3","1","7","False","0","0","संक्षिप्त गरुडपुराण प्रथम पृष्ठ.html",""
"Sanwant","1","29","False","0","0","श्रीराधा माधव चिन्तन प्रथम पृष्ठ.html",""
"Eti-Bold","1","1","False","0","0","श्रीमद्वाल्मीकीय रामायण.html",""
"last","1","323","False","0","0","श्रीहरिवंशपुराण प्रथम पृष्ठ.html",""
"uvach-1","1","1","False","0","0","संक्षिप्त नारदपुराण प्रथम पृष्ठ.html",""
"Basic-Paragraph-4","1","1","False","0","0","संक्षिप्त गरुडपुराण प्रथम पृष्ठ.html",""
"Inner-Heading","1","19","False","0","0","श्रीराधा माधव चिन्तन प्रथम पृष्ठ.html",""
"numbers","1","12","False","0","0","श्रीराधा माधव चिन्तन प्रथम पृष्ठ.html",""
"TXT-Right-2","1","1","False","0","0","संक्षिप्त श्रीमद्देवीभागवत.html",""
"Suchi-2","1","1","False","0","0","श्रीमद्वाल्मीकीय रामायण.html",""
"day-night","1","21","False","0","0","श्रीराधा माधव चिन्तन प्रथम पृष्ठ.html",""
"Sholk","1","147","False","0","0","श्रीरामकृष्णलीला भजनावली प्रथम पृष्ठ.html",""
"UWACH","1","73","False","0","0","श्रावणमासमाहात्म्य प्रथम पृष्ठ.html",""
"Title-Page-Subheading","1","1","False","0","0","शिव स्मरण प्रथम पृष्ठ.html",""
"TXT-Bold-2","1","1","False","0","0","श्री गर्ग संहिता प्रथम पृष्ठ.html",""
"Title-Page---Heading","1","1","False","0","0","श्रीमद्भगवद्गीता श्रीरामानुज भाष्य प्रथम पृष्ठ.html",""
"Cneter","1","3","False","0","0","श्रीनारायणकवच.html",""
"Foot-note","1","2","False","0","0","श्री एकनाथ चरित्र प्रथम पृष्ठ.html",""
"Text-Regular","1","1358","False","0","0","श्रीविष्णुसहस्रनाम (शांकरभाष्य, हिन्दी अनुवाद सहित) प्रथम पृष्ठ.html",""
"Title-Page---Sub-Head","1","1","False","0","0","श्रीविष्णुसहस्रनाम (शांकरभाष्य, हिन्दी अनुवाद सहित) प्रथम पृष्ठ.html",""
"TXT-bold-1","1","3","False","0","0","श्रीवामनपुराण प्रथम पृष्ठ.html",""
"Book-End-Page-text","1","14","False","0","0","श्री सत्यनारायण व्रत कथा प्रथम पृष्ठ.html",""
"Text-copy","1","46","False","0","0","श्री सत्यनारायण व्रत कथा प्रथम पृष्ठ.html",""
"Uwash","1","25","False","0","0","श्री सत्यनारायण व्रत कथा प्रथम पृष्ठ.html",""
"Chapter-End-Text-17","1","3","False","0","0","संक्षिप्त महाभारत.html",""
"Sub-Hading","1","29","False","0","0","साधन पथ प्रथम पृष्ठ.html",""
"Futnote-1","1","2","False","0","0","साधन-कल्पतरु प्रथम पृष्ठ.html",""
"Caption-L-16","1","2","False","0","0","साधन-कल्पतरु प्रथम पृष्ठ.html",""
"Slok-1","1","1","False","0","0","साधक में साधुता प्रथम पृष्ठ.html",""
"xfootnote-2","1","1","False","0","0","सहस्रनामस्तोत्रसंग्रह.html",""
"Man-Had","1","1","False","0","0","सहस्रनामस्तोत्रसंग्रह.html",""
"Basic-Text-Frame-1","1","3","False","0","0","संस्कार प्रकाश प्रथम पृष्ठ.html",""
"Sub-Heading-1-3","1","4","False","0","0","संस्कार प्रकाश प्रथम पृष्ठ.html",""
"xfootnote-1","1","1","False","0","0","सहस्रनामस्तोत्रसंग्रह.html",""
"Footnote--A-","1","1","False","0","0","साधन-कल्पतरु प्रथम पृष्ठ.html",""
"SHLOK-Black-2","1","489","False","0","0","संस्कार प्रकाश प्रथम पृष्ठ.html",""
"Sub-Heading-1-2","1","11","False","0","0","संस्कार प्रकाश प्रथम पृष्ठ.html",""
"fOOTNOTE-1","1","1","False","0","0","संक्षिप्त स्कन्दपुराण प्रथम पृष्ठ.html",""
"fOOTNOTE","1","2","False","0","0","संक्षिप्त स्कन्दपुराण प्रथम पृष्ठ.html",""
"Chapter-End-Text-14","1","1","False","0","0","संक्षिप्त महाभारत.html",""
"Shlok-Color-2-15","1","14","False","0","0","संक्षिप्त महाभारत.html",""
"TXT-Right-1","1","1","False","0","0","संक्षिप्त श्रीमद्देवीभागवत.html",""
"Sub-Heading-1-1","1","28","False","0","0","संस्कार प्रकाश प्रथम पृष्ठ.html",""
"Chapter-End-Text-16","1","1","False","0","0","संक्षिप्त महाभारत.html",""
"Shlok-Color-2-14","1","2","False","0","0","संक्षिप्त महाभारत.html",""
"Chapter-End-Text-15","1","1","False","0","0","संक्षिप्त महाभारत.html",""
"Shlok-Color-2-12","1","2","False","0","0","संक्षिप्त महाभारत.html",""
"Footer-Chopai-12","1","1","False","0","0","संक्षिप्त महाभारत.html",""
"Shlok-Color-2-13","1","2","False","0","0","संक्षिप्त महाभारत.html",""
"mantra-1","1","1","False","0","0","श्रीमद्वाल्मीकीय रामायण.html",""
"End-Mark","1","2","False","0","0","आनन्द मार्ग प्रथम पृष्ठ.html",""
"frame-16","1","6","False","0","0","संक्षिप्त ब्रह्मवैवर्तपुराण प्रथम पृष्ठ.html",""
"frame-15","1","2","False","0","0","संक्षिप्त ब्रह्मवैवर्तपुराण प्रथम पृष्ठ.html",""
"Title-Page---Translator-Name","1","1","False","0","0","उद्धव संदेश प्रथम पृष्ठ.html",""
"Choipai","1","1","False","0","0","इसी जन्ममें परमात्मप्राप्ति प्रथम पृष्ठ.html",""
"Footnote-without-rule","1","3","False","0","0","आत्मोद्धारके साधन प्रथम पृष्ठ.html",""
"frame-19","1","6","False","0","0","संक्षिप्त ब्रह्मवैवर्तपुराण प्रथम पृष्ठ.html",""
"frame-18","1","2","False","0","0","संक्षिप्त ब्रह्मवैवर्तपुराण प्रथम पृष्ठ.html",""
"frame-10","1","2","False","0","0","संक्षिप्त ब्रह्मवैवर्तपुराण प्रथम पृष्ठ.html",""
"frame-14","1","5","False","0","0","संक्षिप्त ब्रह्मवैवर्तपुराण प्रथम पृष्ठ.html",""
"frame-17","1","1","False","0","0","संक्षिप्त ब्रह्मवैवर्तपुराण प्रथम पृष्ठ.html",""
"frame-20","1","2","False","0","0","संक्षिप्त ब्रह्मवैवर्तपुराण प्रथम पृष्ठ.html",""
"Running-Matter","1","1","False","0","0","उद्धार कैसे हो प्रथम पृष्ठ.html",""
"Shloka","1","428","False","0","0","u_बृहदारण्यकोपनिषत्.html",""
"Text-wsp","1","1","False","0","0","अमूल्य समय का सदुपयोग प्रथम पृष्ठ.html",""
"R","1","2","False","0","0","कर्मयोग का तत्त्व प्रथम पृष्ठ.html",""
"Gita-Seva-Trust","1","1","False","0","0","आनन्द की लहरें प्रथम पृष्ठ.html",""
"S-3","1","1","False","0","0","गीतावली प्रथम पृष्ठ.html",""
"Title-Page---Translater-Name","1","4","False","0","0","अन्त्यकर्म श्राद्धप्रकाश प्रथम पृष्ठ.html",""
"Slok2","1","1","False","0","0","आत्मोद्धारके साधन प्रथम पृष्ठ.html",""
"x11","1","1","False","0","0","ईश्वर और संसार प्रथम पृष्ठ.html",""
"So-2","1","1","False","0","0","आत्मकल्याण के विविध उपाय प्रथम पृष्ठ.html",""
"SAID","1","1","False","0","0","अमूल्य वचन प्रथम पृष्ठ.html",""
"TitlePage-Shlok","1","5","False","0","0","अध्यात्मरामायण.html",""
"frame-9","1","1","False","0","0","संक्षिप्त ब्रह्मवैवर्तपुराण प्रथम पृष्ठ.html",""
"frame-24","1","6","False","0","0","संक्षिप्त ब्रह्मवैवर्तपुराण प्रथम पृष्ठ.html",""
"frame-27","1","1","False","0","0","संक्षिप्त ब्रह्मवैवर्तपुराण प्रथम पृष्ठ.html",""
"frame-26","1","11","False","0","0","संक्षिप्त ब्रह्मवैवर्तपुराण प्रथम पृष्ठ.html",""
"frame-23","1","4","False","0","0","संक्षिप्त ब्रह्मवैवर्तपुराण प्रथम पृष्ठ.html",""
"frame-22","1","2","False","0","0","संक्षिप्त ब्रह्मवैवर्तपुराण प्रथम पृष्ठ.html",""
"frame-21","1","2","False","0","0","संक्षिप्त ब्रह्मवैवर्तपुराण प्रथम पृष्ठ.html",""
"End-text-new","1","18","False","0","0","श्रीकृष्ण विज्ञान प्रथम पृष्ठ.html",""
"Shlok-Color-2-New","1","1510","False","0","0","श्रीकृष्ण विज्ञान प्रथम पृष्ठ.html",""
"Title-page-sub-head","1","1","False","0","0","श्रीनरसिंहपुराण प्रथम पृष्ठ.html",""
"frame-25","1","1","False","0","0","संक्षिप्त ब्रह्मवैवर्तपुराण प्रथम पृष्ठ.html",""
"Footnote-Center","1","2067","False","0","0","संक्षिप्त ब्रह्मवैवर्तपुराण प्रथम पृष्ठ.html",""
"Sub-Head-1","1","68","False","0","0","श्रीजैमिनीयाश्वमेधपर्व प्रथम पृष्ठ.html",""
"frame-13","1","3","False","0","0","संक्षिप्त ब्रह्मवैवर्तपुराण प्रथम पृष्ठ.html",""
"frame-12","1","7","False","0","0","संक्षिप्त ब्रह्मवैवर्तपुराण प्रथम पृष्ठ.html",""
"Shlok-Color-2-1","1","2","False","0","0","संक्षिप्त महाभारत.html",""
"Footnote-Right","1","153","False","0","0","संक्षिप्त ब्रह्मवैवर्तपुराण प्रथम पृष्ठ.html",""
"frame-11","1","2","False","0","0","संक्षिप्त ब्रह्मवैवर्तपुराण प्रथम पृष्ठ.html",""
"Varsh---Sankhya","1","5","False","0","0","संक्षिप्त ब्रह्मवैवर्तपुराण प्रथम पृष्ठ.html",""
"Chapter-End-Text-4","1","1","False","0","0","संक्षिप्त महाभारत.html",""
"Shlok-Color-2-2","1","2","False","0","0","संक्षिप्त महाभारत.html",""
"Chapter-End-Text-3","1","1","False","0","0","संक्षिप्त महाभारत.html",""
"frame-29","1","1","False","0","0","संक्षिप्त ब्रह्मवैवर्तपुराण प्रथम पृष्ठ.html",""
"frame-28","1","2","False","0","0","संक्षिप्त ब्रह्मवैवर्तपुराण प्रथम पृष्ठ.html",""
"Footer-Chopai-1","1","4","False","0","0","संक्षिप्त महाभारत.html",""
"Footnote-New","1","6","False","0","0","सहस्रनामस्तोत्रसंग्रह.html",""
"Title-Page---Tavmev","1","6","False","0","0","प्रार्थना प्रथम पृष्ठ.html",""
"Title-Page---sub-title","1","1","False","0","0","प्रार्थना प्रथम पृष्ठ.html",""
"Sortha-colour","1","2","False","0","0","वैराग्य संदीपनी प्रथम पृष्ठ.html",""
"Full","1","11","False","0","0","प्रार्थना प्रथम पृष्ठ.html",""
"FF","1","1","False","0","0","प्राचीन भक्त प्रथम पृष्ठ.html",""
"Text-Right-coloer","1","144","False","0","0","पूजा के फूल प्रथम पृष्ठ.html",""
"Purvardh---Uttrardh","1","1","False","0","0","गीता दर्पण प्रथम पृष्ठ.html",""
"Doha-colour","1","15","False","0","0","वैराग्य संदीपनी प्रथम पृष्ठ.html",""
"Answer","1","322","False","0","0","गीता बाल प्रश्नोत्तरी प्रथम पृष्ठ.html",""
"Foot-1","1","5","False","0","0","गीता दर्पण प्रथम पृष्ठ.html",""
"End-text","1","11","False","0","0","व्रत परिचय प्रथम पृष्ठ.html",""
"Chopai","1","11","False","0","0","वैराग्य संदीपनी प्रथम पृष्ठ.html",""
"Heading-English","1","10","False","0","0","पिता की सीख प्रथम पृष्ठ.html",""
"Title-page---sub-title-2","1","2","False","0","0","नित्यकर्म-प्रयोग.html",""
"Title-Page---Tavmev-Mata--pita","1","6","False","0","0","नित्यकर्म-प्रयोग.html",""
"heading1","1","7","False","0","0","तर्पण विधि प्रथम पृष्ठ.html",""
"SHLOK-number","1","4","False","0","0","पिता की सीख प्रथम पृष्ठ.html",""
"TEXT-2","1","187","False","0","0","पिता की सीख प्रथम पृष्ठ.html",""
"Had","1","1","False","0","0","प्रार्थना प्रथम पृष्ठ.html",""
"Foot-Note","1","1","False","0","0","बलिवैश्वदेव-विधि.html",""
"Shlok-Bold","1","1","False","0","0","प्रेम सत्संग सुधा माला प्रथम पृष्ठ.html",""
"TEXT-Black","1","1","False","0","0","पिता की सीख प्रथम पृष्ठ.html",""
"Paragraph-Style","1","6","False","0","0","पातञ्जलयोगप्रदीप प्रथम पृष्ठ.html",""
"Sub-had-","1","1","False","0","0","प्रार्थना प्रथम पृष्ठ.html",""
"TXT-hindi","1","1","False","0","0","गीता बाल प्रश्नोत्तरी प्रथम पृष्ठ.html",""
"Hindi-Chappter-Heading-1","1","2","False","0","0","गीता-प्रबोधनी.html",""
"Hindi-Chappter-Heading-2","1","3","False","0","0","गीता-प्रबोधनी.html",""
"Shlok-Coloured","1","1865","False","0","0","वैदिक सूक्त संग्रह प्रथम पृष्ठ.html",""
"Shlok-2-copy","1","3","False","0","0","मनुष्य जीवन का उद्देश्य प्रथम पृष्ठ.html",""
"Shlok-new","1","32","False","0","0","गीता-प्रबोधनी.html",""
"Vedic-Shlok","1","232","False","0","0","रुद्राष्टाध्यायी.html",""
"Chappter-Heading","1","2","False","0","0","गीता-प्रबोधनी.html",""
"caption","1","1","False","0","0","भूले न भुलाये प्रथम पृष्ठ.html",""
"Hindi-Chaptter-Heading","1","10","False","0","0","गीता-प्रबोधनी.html",""
"Shlok-1","1","48","False","0","0","गीता-प्रबोधनी.html",""
"x15-Bold","1","1","False","0","0","गीता माधुर्य प्रथम पृष्ठ.html",""
"Chapter","1","18","False","0","0","गीता बाल प्रश्नोत्तरी प्रथम पृष्ठ.html",""
"Text-2","1","1","False","0","0","कवितावली प्रथम पृष्ठ.html",""
"SLOK","1","3","False","0","0","शतनामस्तोत्रसंग्रह.html",""
"end","1","2","False","0","0","शतनामस्तोत्रसंग्रह.html",""
"Question","1","326","False","0","0","गीता बाल प्रश्नोत्तरी प्रथम पृष्ठ.html",""
"Footnotes-copy","1","1","False","0","0","क्या करें क्या न करें प्रथम पृष्ठ.html",""
"Title-Page---Translater-Author-Name","1","1","False","0","0","गयाश्राद्धपद्धति_माहात्म्य तथा_गयायात्राविधानसहित.html",""
"dhyan","1","2","False","0","0","शतनामस्तोत्रसंग्रह.html",""
"Vyakhya","1","792","False","0","0","गीता-प्रबोधनी.html",""
"Hindi-Chappter-Heading","1","3","False","0","0","गीता-प्रबोधनी.html",""
"Middle-Heading","1","3","False","0","0","शतनामस्तोत्रसंग्रह.html",""
"uwach","1","138","False","0","0","व्रत परिचय प्रथम पृष्ठ.html",""
"stotra","1","26","False","0","0","शतनामस्तोत्रसंग्रह.html",""
"TEXT-1","1","232","False","0","0","पिता की सीख प्रथम पृष्ठ.html",""
"Chapter-End-Text-6","1","1","False","0","0","संक्षिप्त महाभारत.html",""
"Footer-Chopai-9","1","5","False","0","0","संक्षिप्त महाभारत.html",""
"Shlok-Color-2-10","1","2","False","0","0","संक्षिप्त महाभारत.html",""
"Shlok-Color-2-3","1","2","False","0","0","संक्षिप्त महाभारत.html",""
"Footer-Chopai-4","1","1","False","0","0","संक्षिप्त महाभारत.html",""
"Shlok-Color-2-4","1","2","False","0","0","संक्षिप्त महाभारत.html",""
"Footer-Chopai-10","1","1","False","0","0","संक्षिप्त महाभारत.html",""
"Shlok-Color-2-11","1","2","False","0","0","संक्षिप्त महाभारत.html",""
"Chapter-End-Text-9","1","1","False","0","0","संक्षिप्त महाभारत.html",""
"Footer-Chopai","1","6","False","0","0","संक्षिप्त महाभारत.html",""
"Chapter-End-Text-12","1","1","False","0","0","संक्षिप्त महाभारत.html",""
"Chapter-End-Text-13","1","1","False","0","0","संक्षिप्त महाभारत.html",""
"Footer-Chopai-5","1","1","False","0","0","संक्षिप्त महाभारत.html",""
"Chapter-End-Text-7","1","1","False","0","0","संक्षिप्त महाभारत.html",""
"Chapter-End-Text-8","1","1","False","0","0","संक्षिप्त महाभारत.html",""
"SHLOK-Black-3","1","1","False","0","0","संस्कार प्रकाश प्रथम पृष्ठ.html",""
"Footer-Chopai-11","1","2","False","0","0","संक्षिप्त महाभारत.html",""
"Shlok-Color-2-5","1","2","False","0","0","संक्षिप्त महाभारत.html",""
"Footer-Chopai-3","1","1","False","0","0","संक्षिप्त महाभारत.html",""
"Chapter-End-Text-5","1","1","False","0","0","संक्षिप्त महाभारत.html",""
"Footer-Chopai-2","1","1","False","0","0","संक्षिप्त महाभारत.html",""
"Chapter-End-Text-10","1","1","False","0","0","संक्षिप्त महाभारत.html",""
"Shlok-Color-2-7","1","2","False","0","0","संक्षिप्त महाभारत.html",""
"Footer-Chopai-6","1","4","False","0","0","संक्षिप्त महाभारत.html",""
"Shlok-Color-2-6","1","2","False","0","0","संक्षिप्त महाभारत.html",""
"B-3","1","1","False","0","0","गीतावली प्रथम पृष्ठ.html",""
"Title-Page--caption","1","1","False","0","0","गीतावली प्रथम पृष्ठ.html",""
"Pad-sankhya","1","328","False","0","0","गीतावली प्रथम पृष्ठ.html",""
"Hindi-i","1","1","False","0","0","भगवत्प्राप्ति की युक्तियाँ प्रथम पृष्ठ.html",""
"No","1","1","False","0","0","भगवत्पथ दर्शन प्रथम पृष्ठ.html",""
"C","1","2","False","0","0","सावित्री और सत्यवान्.html",""
"small-heading","1","15","False","0","0","गोवध भारत का कलंक प्रथम पृष्ठ.html",""
"Sub-Heading-3","1","16","False","0","0","भागवतस्तुतिसंग्रह प्रथम पृष्ठ.html",""
"TEXT","1","297","False","0","0","जीवनोपयोगी प्रवचन.html",""
"Futnoot","1","8","False","0","0","गीतावली प्रथम पृष्ठ.html",""
"Uvach-3","1","1","False","0","0","भागवतस्तुतिसंग्रह प्रथम पृष्ठ.html",""
"Sub-Heading-4","1","11","False","0","0","भागवतस्तुतिसंग्रह प्रथम पृष्ठ.html",""
"Shlok-Color-2-9","1","2","False","0","0","संक्षिप्त महाभारत.html",""
"Chapter-End-Text-11","1","1","False","0","0","संक्षिप्त महाभारत.html",""
"Bhajan-First-Line","1","1014","False","0","0","भजन-संग्रह.html",""
"Footer-Chopai-7","1","1","False","0","0","संक्षिप्त महाभारत.html",""
"Shlok-Color-2-8","1","2","False","0","0","संक्षिप्त महाभारत.html",""
"Footer-Chopai-8","1","12","False","0","0","संक्षिप्त महाभारत.html",""
"Hindi-II","1","1","False","0","0","भगवत्प्राप्ति की युक्तियाँ प्रथम पृष्ठ.html",""
"Hindi-Solk-II","1","1","False","0","0","जीवन सुधार की बातें प्रथम पृष्ठ.html",""
"Title-Page---Subheading","1","1","False","0","0","भगवच्चर्चा (सभी छहों भाग एक साथ) प्रथम पृष्ठ.html",""
"So-1","1","1","False","0","0","भगवत्प्राप्तिमें भावकी प्रधानता प्रथम पृष्ठ.html",""
"Sub-Heading-2-3","1","25","False","0","0","भागवतस्तुतिसंग्रह प्रथम पृष्ठ.html",""
"Centre-Heading","1","52","False","0","0","भजन-संग्रह.html",""
