"MissingClass","AssignedTo","MatchType","FilesMissingIn","TotalOccurrences"
"Sub-Heading-","Sub-heading","exact-normalized","9","384"
"Sholk-Black","Shlok-black","fuzzy-edit2","7","46"
"Basic-Paragraph-1","Basic-Paragraph","numeric-suffix-base","5","26"
"Text-","Text","exact-normalized","38","38249"
"Sub-Heading-1","Sub-heading-1","exact-normalized","3","92"
"Subhed","Sub-head-2","fuzzy-edit2","3","395"
"Shlok-Number-1","Shlok-Number","numeric-suffix-base","3","1412"
"xfootnote","Footnote","fuzzy-edit1","3","3"
"Shlok-Color","Shlok-Color--1","fuzzy-edit1","3","547"
"uvach","Uvach","exact-normalized","3","282"
"x-Main-Heading","Main-Heading","fuzzy-edit1","3","3"
"Chapter-end-Text","Chapter-End-Text","exact-normalized","28","417"
"sub-head","Sub-head-2","fuzzy-edit1","2","12"
"Chapter-Heading-2","Chapter-Heading","numeric-suffix-base","2","6"
"Sub-Heading-A","Sub-Heading-2","fuzzy-edit1","2","2"
"SHLOK-Black-1","Shlok-black","numeric-suffix-base","2","206"
"Number","Numbers","fuzzy-edit1","2","45"
"Sub-Head-3","Sub-head-2","numeric-suffix-family","2","10"
"Footnotes-Center","Footnote-Center","fuzzy-edit1","2","79"
"Text-Right","TXT-Right","fuzzy-edit1","2","4"
"Footnote-A","Footnote-3","fuzzy-edit1","2","40"
"Uvach-1","Uvach","numeric-suffix-base","2","12"
"subhead","Sub-head-2","fuzzy-edit1","2","169"
"Uvach-2","Uvach","numeric-suffix-base","2","24"
"Sub-Heading-2-2","Sub-Heading-2","numeric-suffix-base","2","47"
"Shlok-Black-2","Shlok-black","numeric-suffix-base","2","6"
"Futnote","Footnote","fuzzy-edit2","2","10"
"FOOTNOTE","Footnote","exact-normalized","2","7"
"Basic-Paragraph-2","Basic-Paragraph","numeric-suffix-base","2","7"
"Shlok-Number--2","Shlok-Number","numeric-suffix-base","2","16"
"Shlok-Black-1","Shlok-black","numeric-suffix-base","2","38"
"No-paragraph-style","No-Paragraph-Style","exact-normalized","2","78"
"Slok1","Shlok","fuzzy-edit2","2","3"
"Footnotes-bold","Footnotes-Bold","exact-normalized","14","3458"
"Sub-Head-2","Sub-head-2","exact-normalized","12","1596"
"Title-Page---subheading","Title-Page---Sub-Heading","exact-normalized","11","11"
"Sub-Head","Sub-head-2","fuzzy-edit1","10","92"
"Footnotes-right","Footnotes-Right","exact-normalized","10","371"
"Title-Page---Sub-heading","Title-Page---Sub-Heading","exact-normalized","10","10"
"Text-2","Text","numeric-suffix-base","1","1"
"Shloka","Shlok","fuzzy-edit1","1","428"
"Slok2","Shlok","fuzzy-edit2","1","1"
"Title-Page---Subheading","Title-Page---Sub-Heading","exact-normalized","1","1"
"Sub-had-","Sub-head-2","fuzzy-edit2","1","1"
"Vyakhya","Vayakhya","fuzzy-edit1","1","792"
"Sholk","Shlok","fuzzy-edit2","1","147"
"Basic-Paragraph-3","Basic-Paragraph","numeric-suffix-base","1","7"
"Basic-Paragraph-4","Basic-Paragraph","numeric-suffix-base","1","1"
"Chappter-Heading","Chapter-Heading","fuzzy-edit1","1","2"
"Shlok-1","Shlok","numeric-suffix-base","1","48"
"numbers","Numbers","exact-normalized","1","12"
"Foot-Note","Footnote","exact-normalized","1","1"
"TEXT-2","Text","numeric-suffix-base","1","187"
"Paragraph-Style","No-Paragraph-Style","fuzzy-edit2","1","6"
"TEXT","Text","exact-normalized","1","297"
"heading1","Heading","numeric-suffix-base","1","7"
"Title-page---sub-title-2","Title-Page---Sub-Title","numeric-suffix-base","1","2"
"TEXT-1","Text","numeric-suffix-base","1","232"
"Uvach-3","Uvach","numeric-suffix-base","1","1"
"Title-Page---sub-title","Title-Page---Sub-Title","exact-normalized","1","1"
"SHLOK-number","Shlok-Number","exact-normalized","1","4"
"Sub-Heading-2-3","Sub-Heading-2","numeric-suffix-base","1","25"
"Sub-Heading-3","Sub-heading","numeric-suffix-base","1","16"
"Sub-Heading-4","Sub-heading","numeric-suffix-base","1","11"
"uvach-1","Uvach","numeric-suffix-base","1","1"
"Sub-Heading-1-3","Sub-heading-1","numeric-suffix-base","1","4"
"SHLOK-Black-3","Shlok-black","numeric-suffix-base","1","1"
"Sub-Heading-1-2","Sub-heading-1","numeric-suffix-base","1","11"
"Sub-Heading-1-1","Sub-heading-1","numeric-suffix-base","1","28"
"TXT-Right-2","TXT-Right","numeric-suffix-base","1","1"
"TXT-Right-1","TXT-Right","numeric-suffix-base","1","1"
"Foot-note","Footnote","exact-normalized","1","2"
"Title-Page-Subheading","Title-Page---Sub-Heading","exact-normalized","1","1"
"uwach","Uwach","exact-normalized","1","138"
"SHLOK-Black-2","Shlok-black","numeric-suffix-base","1","489"
"Uwash","Uwach","fuzzy-edit1","1","25"
"UWACH","Uwach","exact-normalized","1","73"
"fOOTNOTE-1","Footnote-1","exact-normalized","1","1"
"Sub-Head-1","Sub-head-2","numeric-suffix-family","1","68"
"mantra-1","mantra","numeric-suffix-base","1","1"
"Slok-1","Shlok","fuzzy-edit2","1","1"
"FOOTNOTE-1","Footnote-1","exact-normalized","1","3"
"FOOTNOTE-2","Footnote-2","exact-normalized","1","9"
"Title-Page---sub-heading","Title-Page---Sub-Heading","exact-normalized","1","1"
"Footnote--A-","Footnote-3","fuzzy-edit1","1","1"
"Futnote-1","Footnote-1","fuzzy-edit2","1","2"
"fOOTNOTE","Footnote","exact-normalized","1","2"
"Sub-Hading","Sub-heading","fuzzy-edit1","1","29"
"xfootnote-1","Footnote-1","fuzzy-edit1","1","1"
"xfootnote-2","Footnote-2","fuzzy-edit1","1","1"
